symbol,id,state,settlement_time,strike_price,contract_type,settlement_dt,underlying_asset_symbol,source,product_id,mark_price,spot_price,oi,oi_value_usd,spot_ref,moneyness_dev
C-ETH-2120-310526,136150.0,expired,2026-05-31T12:00:00Z,2120,call_options,2026-05-31 12:00:00+00:00,ETH,settled,,,,,,2022.72263815,0.048092289083673266
P-ETH-2120-310526,136149.0,expired,2026-05-31T12:00:00Z,2120,put_options,2026-05-31 12:00:00+00:00,ETH,settled,,,,,,2022.72263815,0.048092289083673266
C-ETH-2100-310526,136148.0,expired,2026-05-31T12:00:00Z,2100,call_options,2026-05-31 12:00:00+00:00,ETH,settled,,,,,,2022.72263815,0.03820462597911031
P-ETH-2100-310526,136147.0,expired,2026-05-31T12:00:00Z,2100,put_options,2026-05-31 12:00:00+00:00,ETH,settled,,,,,,2022.72263815,0.03820462597911031
C-ETH-1940-310526,136120.0,expired,2026-05-31T12:00:00Z,1940,call_options,2026-05-31 12:00:00+00:00,ETH,settled,,,,,,2022.72263815,0.04089667885739333
C-ETH-1960-310526,136119.0,expired,2026-05-31T12:00:00Z,1960,call_options,2026-05-31 12:00:00+00:00,ETH,settled,,,,,,2022.72263815,0.031009015752830375
C-ETH-1980-310526,136118.0,expired,2026-05-31T12:00:00Z,1980,call_options,2026-05-31 12:00:00+00:00,ETH,settled,,,,,,2022.72263815,0.021121352648267422
C-ETH-2000-310526,136117.0,expired,2026-05-31T12:00:00Z,2000,call_options,2026-05-31 12:00:00+00:00,ETH,settled,,,,,,2022.72263815,0.011233689543704465
C-ETH-2020-310526,136116.0,expired,2026-05-31T12:00:00Z,2020,call_options,2026-05-31 12:00:00+00:00,ETH,settled,,,,,,2022.72263815,0.0013460264391415102
C-ETH-2040-310526,136115.0,expired,2026-05-31T12:00:00Z,2040,call_options,2026-05-31 12:00:00+00:00,ETH,settled,,,,,,2022.72263815,0.008541636665421445
C-ETH-2060-310526,136114.0,expired,2026-05-31T12:00:00Z,2060,call_options,2026-05-31 12:00:00+00:00,ETH,settled,,,,,,2022.72263815,0.0184292997699844
C-ETH-2080-310526,136113.0,expired,2026-05-31T12:00:00Z,2080,call_options,2026-05-31 12:00:00+00:00,ETH,settled,,,,,,2022.72263815,0.028316962874547356
P-ETH-1940-310526,136110.0,expired,2026-05-31T12:00:00Z,1940,put_options,2026-05-31 12:00:00+00:00,ETH,settled,,,,,,2022.72263815,0.04089667885739333
P-ETH-1960-310526,136109.0,expired,2026-05-31T12:00:00Z,1960,put_options,2026-05-31 12:00:00+00:00,ETH,settled,,,,,,2022.72263815,0.031009015752830375
P-ETH-1980-310526,136108.0,expired,2026-05-31T12:00:00Z,1980,put_options,2026-05-31 12:00:00+00:00,ETH,settled,,,,,,2022.72263815,0.021121352648267422
P-ETH-2000-310526,136107.0,expired,2026-05-31T12:00:00Z,2000,put_options,2026-05-31 12:00:00+00:00,ETH,settled,,,,,,2022.72263815,0.011233689543704465
P-ETH-2020-310526,136106.0,expired,2026-05-31T12:00:00Z,2020,put_options,2026-05-31 12:00:00+00:00,ETH,settled,,,,,,2022.72263815,0.0013460264391415102
P-ETH-2040-310526,136105.0,expired,2026-05-31T12:00:00Z,2040,put_options,2026-05-31 12:00:00+00:00,ETH,settled,,,,,,2022.72263815,0.008541636665421445
P-ETH-2060-310526,136104.0,expired,2026-05-31T12:00:00Z,2060,put_options,2026-05-31 12:00:00+00:00,ETH,settled,,,,,,2022.72263815,0.0184292997699844
P-ETH-2080-310526,136103.0,expired,2026-05-31T12:00:00Z,2080,put_options,2026-05-31 12:00:00+00:00,ETH,settled,,,,,,2022.72263815,0.028316962874547356
C-ETH-1920-290526,136013.0,expired,2026-05-29T12:00:00Z,1920,call_options,2026-05-29 12:00:00+00:00,ETH,settled,,,,,,2006.54797856,0.04313277304343913
P-ETH-1920-290526,136012.0,expired,2026-05-29T12:00:00Z,1920,put_options,2026-05-29 12:00:00+00:00,ETH,settled,,,,,,2006.54797856,0.04313277304343913
C-ETH-1940-290526,135991.0,expired,2026-05-29T12:00:00Z,1940,call_options,2026-05-29 12:00:00+00:00,ETH,settled,,,,,,2006.54797856,0.03316540609597495
P-ETH-1940-290526,135990.0,expired,2026-05-29T12:00:00Z,1940,put_options,2026-05-29 12:00:00+00:00,ETH,settled,,,,,,2006.54797856,0.03316540609597495
C-ETH-1960-290526,135974.0,expired,2026-05-29T12:00:00Z,1960,call_options,2026-05-29 12:00:00+00:00,ETH,settled,,,,,,2006.54797856,0.023198039148510777
P-ETH-1960-290526,135973.0,expired,2026-05-29T12:00:00Z,1960,put_options,2026-05-29 12:00:00+00:00,ETH,settled,,,,,,2006.54797856,0.023198039148510777
C-ETH-1980-290526,135855.0,expired,2026-05-29T12:00:00Z,1980,call_options,2026-05-29 12:00:00+00:00,ETH,settled,,,,,,2006.54797856,0.013230672201046602
P-ETH-1980-290526,135854.0,expired,2026-05-29T12:00:00Z,1980,put_options,2026-05-29 12:00:00+00:00,ETH,settled,,,,,,2006.54797856,0.013230672201046602
C-ETH-2020-290526,135843.0,expired,2026-05-29T12:00:00Z,2020,call_options,2026-05-29 12:00:00+00:00,ETH,settled,,,,,,2006.54797856,0.006704061693881749
P-ETH-2020-290526,135842.0,expired,2026-05-29T12:00:00Z,2020,put_options,2026-05-29 12:00:00+00:00,ETH,settled,,,,,,2006.54797856,0.006704061693881749
C-ETH-2040-290526,135839.0,expired,2026-05-29T12:00:00Z,2040,call_options,2026-05-29 12:00:00+00:00,ETH,settled,,,,,,2006.54797856,0.016671428641345926
C-ETH-2060-290526,135838.0,expired,2026-05-29T12:00:00Z,2060,call_options,2026-05-29 12:00:00+00:00,ETH,settled,,,,,,2006.54797856,0.0266387955888101
P-ETH-2040-290526,135836.0,expired,2026-05-29T12:00:00Z,2040,put_options,2026-05-29 12:00:00+00:00,ETH,settled,,,,,,2006.54797856,0.016671428641345926
P-ETH-2060-290526,135835.0,expired,2026-05-29T12:00:00Z,2060,put_options,2026-05-29 12:00:00+00:00,ETH,settled,,,,,,2006.54797856,0.0266387955888101
C-ETH-2080-290526,135833.0,expired,2026-05-29T12:00:00Z,2080,call_options,2026-05-29 12:00:00+00:00,ETH,settled,,,,,,2006.54797856,0.03660616253627428
P-ETH-2080-290526,135828.0,expired,2026-05-29T12:00:00Z,2080,put_options,2026-05-29 12:00:00+00:00,ETH,settled,,,,,,2006.54797856,0.03660616253627428
C-ETH-2220-220526,135129.0,expired,2026-05-22T12:00:00Z,2220,call_options,2026-05-22 12:00:00+00:00,ETH,settled,,,,,,2128.87903994,0.04280231913155956
P-ETH-2220-220526,135128.0,expired,2026-05-22T12:00:00Z,2220,put_options,2026-05-22 12:00:00+00:00,ETH,settled,,,,,,2128.87903994,0.04280231913155956
C-ETH-2040-220526,135116.0,expired,2026-05-22T12:00:00Z,2040,call_options,2026-05-22 12:00:00+00:00,ETH,settled,,,,,,2128.87903994,0.04174922025748581
C-ETH-2060-220526,135115.0,expired,2026-05-22T12:00:00Z,2060,call_options,2026-05-22 12:00:00+00:00,ETH,settled,,,,,,2128.87903994,0.032354604769814096
C-ETH-2080-220526,135114.0,expired,2026-05-22T12:00:00Z,2080,call_options,2026-05-22 12:00:00+00:00,ETH,settled,,,,,,2128.87903994,0.022959989282142393
C-ETH-2120-220526,135113.0,expired,2026-05-22T12:00:00Z,2120,call_options,2026-05-22 12:00:00+00:00,ETH,settled,,,,,,2128.87903994,0.004170758306798976
C-ETH-2140-220526,135112.0,expired,2026-05-22T12:00:00Z,2140,call_options,2026-05-22 12:00:00+00:00,ETH,settled,,,,,,2128.87903994,0.005223857180872732
C-ETH-2160-220526,135111.0,expired,2026-05-22T12:00:00Z,2160,call_options,2026-05-22 12:00:00+00:00,ETH,settled,,,,,,2128.87903994,0.014618472668544439
C-ETH-2180-220526,135110.0,expired,2026-05-22T12:00:00Z,2180,call_options,2026-05-22 12:00:00+00:00,ETH,settled,,,,,,2128.87903994,0.024013088156216146
P-ETH-2040-220526,135108.0,expired,2026-05-22T12:00:00Z,2040,put_options,2026-05-22 12:00:00+00:00,ETH,settled,,,,,,2128.87903994,0.04174922025748581
P-ETH-2060-220526,135107.0,expired,2026-05-22T12:00:00Z,2060,put_options,2026-05-22 12:00:00+00:00,ETH,settled,,,,,,2128.87903994,0.032354604769814096
P-ETH-2080-220526,135106.0,expired,2026-05-22T12:00:00Z,2080,put_options,2026-05-22 12:00:00+00:00,ETH,settled,,,,,,2128.87903994,0.022959989282142393
P-ETH-2120-220526,135105.0,expired,2026-05-22T12:00:00Z,2120,put_options,2026-05-22 12:00:00+00:00,ETH,settled,,,,,,2128.87903994,0.004170758306798976
P-ETH-2140-220526,135104.0,expired,2026-05-22T12:00:00Z,2140,put_options,2026-05-22 12:00:00+00:00,ETH,settled,,,,,,2128.87903994,0.005223857180872732
P-ETH-2160-220526,135103.0,expired,2026-05-22T12:00:00Z,2160,put_options,2026-05-22 12:00:00+00:00,ETH,settled,,,,,,2128.87903994,0.014618472668544439
P-ETH-2180-220526,135102.0,expired,2026-05-22T12:00:00Z,2180,put_options,2026-05-22 12:00:00+00:00,ETH,settled,,,,,,2128.87903994,0.024013088156216146
C-ETH-1950-290526,135077.0,expired,2026-05-29T12:00:00Z,1950,call_options,2026-05-29 12:00:00+00:00,ETH,settled,,,,,,2006.54797856,0.028181722622242868
P-ETH-1950-290526,135076.0,expired,2026-05-29T12:00:00Z,1950,put_options,2026-05-29 12:00:00+00:00,ETH,settled,,,,,,2006.54797856,0.028181722622242868
C-ETH-2050-290526,134737.0,expired,2026-05-29T12:00:00Z,2050,call_options,2026-05-29 12:00:00+00:00,ETH,settled,,,,,,2006.54797856,0.021655112115078014
P-ETH-2050-290526,134736.0,expired,2026-05-29T12:00:00Z,2050,put_options,2026-05-29 12:00:00+00:00,ETH,settled,,,,,,2006.54797856,0.021655112115078014
C-ETH-2050-220526,134594.0,expired,2026-05-22T12:00:00Z,2050,call_options,2026-05-22 12:00:00+00:00,ETH,settled,,,,,,2128.87903994,0.037051912513649955
P-ETH-2050-220526,134593.0,expired,2026-05-22T12:00:00Z,2050,put_options,2026-05-22 12:00:00+00:00,ETH,settled,,,,,,2128.87903994,0.037051912513649955
C-ETH-2150-220526,134431.0,expired,2026-05-22T12:00:00Z,2150,call_options,2026-05-22 12:00:00+00:00,ETH,settled,,,,,,2128.87903994,0.009921164924708585
P-ETH-2150-220526,134430.0,expired,2026-05-22T12:00:00Z,2150,put_options,2026-05-22 12:00:00+00:00,ETH,settled,,,,,,2128.87903994,0.009921164924708585
C-ETH-2160-150526,134415.0,expired,2026-05-15T12:00:00Z,2160,call_options,2026-05-15 12:00:00+00:00,ETH,settled,,,,,,2257.05203692,0.04299946803727141
P-ETH-2160-150526,134414.0,expired,2026-05-15T12:00:00Z,2160,put_options,2026-05-15 12:00:00+00:00,ETH,settled,,,,,,2257.05203692,0.04299946803727141
C-ETH-2180-150526,134295.0,expired,2026-05-15T12:00:00Z,2180,call_options,2026-05-15 12:00:00+00:00,ETH,settled,,,,,,2257.05203692,0.03413835200057948
P-ETH-2180-150526,134294.0,expired,2026-05-15T12:00:00Z,2180,put_options,2026-05-15 12:00:00+00:00,ETH,settled,,,,,,2257.05203692,0.03413835200057948
C-ETH-2220-150526,134291.0,expired,2026-05-15T12:00:00Z,2220,call_options,2026-05-15 12:00:00+00:00,ETH,settled,,,,,,2257.05203692,0.016416119927195615
C-ETH-2240-150526,134290.0,expired,2026-05-15T12:00:00Z,2240,call_options,2026-05-15 12:00:00+00:00,ETH,settled,,,,,,2257.05203692,0.007555003890503684
C-ETH-2260-150526,134289.0,expired,2026-05-15T12:00:00Z,2260,call_options,2026-05-15 12:00:00+00:00,ETH,settled,,,,,,2257.05203692,0.0013061121461882472
C-ETH-2280-150526,134288.0,expired,2026-05-15T12:00:00Z,2280,call_options,2026-05-15 12:00:00+00:00,ETH,settled,,,,,,2257.05203692,0.010167228182880178
C-ETH-2320-150526,134287.0,expired,2026-05-15T12:00:00Z,2320,call_options,2026-05-15 12:00:00+00:00,ETH,settled,,,,,,2257.05203692,0.027889460256264043
C-ETH-2340-150526,134286.0,expired,2026-05-15T12:00:00Z,2340,call_options,2026-05-15 12:00:00+00:00,ETH,settled,,,,,,2257.05203692,0.03675057629295597
C-ETH-2360-150526,134285.0,expired,2026-05-15T12:00:00Z,2360,call_options,2026-05-15 12:00:00+00:00,ETH,settled,,,,,,2257.05203692,0.0456116923296479
P-ETH-2220-150526,134283.0,expired,2026-05-15T12:00:00Z,2220,put_options,2026-05-15 12:00:00+00:00,ETH,settled,,,,,,2257.05203692,0.016416119927195615
P-ETH-2240-150526,134282.0,expired,2026-05-15T12:00:00Z,2240,put_options,2026-05-15 12:00:00+00:00,ETH,settled,,,,,,2257.05203692,0.007555003890503684
P-ETH-2260-150526,134281.0,expired,2026-05-15T12:00:00Z,2260,put_options,2026-05-15 12:00:00+00:00,ETH,settled,,,,,,2257.05203692,0.0013061121461882472
P-ETH-2280-150526,134280.0,expired,2026-05-15T12:00:00Z,2280,put_options,2026-05-15 12:00:00+00:00,ETH,settled,,,,,,2257.05203692,0.010167228182880178
P-ETH-2320-150526,134279.0,expired,2026-05-15T12:00:00Z,2320,put_options,2026-05-15 12:00:00+00:00,ETH,settled,,,,,,2257.05203692,0.027889460256264043
P-ETH-2340-150526,134278.0,expired,2026-05-15T12:00:00Z,2340,put_options,2026-05-15 12:00:00+00:00,ETH,settled,,,,,,2257.05203692,0.03675057629295597
P-ETH-2360-150526,134277.0,expired,2026-05-15T12:00:00Z,2360,put_options,2026-05-15 12:00:00+00:00,ETH,settled,,,,,,2257.05203692,0.0456116923296479
C-ETH-2180-080526,133870.0,expired,2026-05-08T12:00:00Z,2180,call_options,2026-05-08 12:00:00+00:00,ETH,settled,,,,,,2294.36854383,0.04984750341768719
P-ETH-2180-080526,133869.0,expired,2026-05-08T12:00:00Z,2180,put_options,2026-05-08 12:00:00+00:00,ETH,settled,,,,,,2294.36854383,0.04984750341768719
C-ETH-2220-080526,133761.0,expired,2026-05-08T12:00:00Z,2220,call_options,2026-05-08 12:00:00+00:00,ETH,settled,,,,,,2294.36854383,0.03241351265470897
P-ETH-2220-080526,133760.0,expired,2026-05-08T12:00:00Z,2220,put_options,2026-05-08 12:00:00+00:00,ETH,settled,,,,,,2294.36854383,0.03241351265470897
C-ETH-2240-080526,133758.0,expired,2026-05-08T12:00:00Z,2240,call_options,2026-05-08 12:00:00+00:00,ETH,settled,,,,,,2294.36854383,0.023696517273219867
P-ETH-2240-080526,133757.0,expired,2026-05-08T12:00:00Z,2240,put_options,2026-05-08 12:00:00+00:00,ETH,settled,,,,,,2294.36854383,0.023696517273219867
C-ETH-2260-080526,133614.0,expired,2026-05-08T12:00:00Z,2260,call_options,2026-05-08 12:00:00+00:00,ETH,settled,,,,,,2294.36854383,0.01497952189173076
P-ETH-2260-080526,133613.0,expired,2026-05-08T12:00:00Z,2260,put_options,2026-05-08 12:00:00+00:00,ETH,settled,,,,,,2294.36854383,0.01497952189173076
C-ETH-2280-080526,133588.0,expired,2026-05-08T12:00:00Z,2280,call_options,2026-05-08 12:00:00+00:00,ETH,settled,,,,,,2294.36854383,0.006262526510241651
C-ETH-2320-080526,133587.0,expired,2026-05-08T12:00:00Z,2320,call_options,2026-05-08 12:00:00+00:00,ETH,settled,,,,,,2294.36854383,0.011171464252736565
C-ETH-2340-080526,133586.0,expired,2026-05-08T12:00:00Z,2340,call_options,2026-05-08 12:00:00+00:00,ETH,settled,,,,,,2294.36854383,0.019888459634225673
C-ETH-2360-080526,133585.0,expired,2026-05-08T12:00:00Z,2360,call_options,2026-05-08 12:00:00+00:00,ETH,settled,,,,,,2294.36854383,0.028605455015714782
C-ETH-2380-080526,133584.0,expired,2026-05-08T12:00:00Z,2380,call_options,2026-05-08 12:00:00+00:00,ETH,settled,,,,,,2294.36854383,0.03732245039720389
P-ETH-2280-080526,133580.0,expired,2026-05-08T12:00:00Z,2280,put_options,2026-05-08 12:00:00+00:00,ETH,settled,,,,,,2294.36854383,0.006262526510241651
P-ETH-2320-080526,133579.0,expired,2026-05-08T12:00:00Z,2320,put_options,2026-05-08 12:00:00+00:00,ETH,settled,,,,,,2294.36854383,0.011171464252736565
P-ETH-2340-080526,133578.0,expired,2026-05-08T12:00:00Z,2340,put_options,2026-05-08 12:00:00+00:00,ETH,settled,,,,,,2294.36854383,0.019888459634225673
P-ETH-2360-080526,133577.0,expired,2026-05-08T12:00:00Z,2360,put_options,2026-05-08 12:00:00+00:00,ETH,settled,,,,,,2294.36854383,0.028605455015714782
P-ETH-2380-080526,133576.0,expired,2026-05-08T12:00:00Z,2380,put_options,2026-05-08 12:00:00+00:00,ETH,settled,,,,,,2294.36854383,0.03732245039720389
C-ETH-2100-220526,133129.0,expired,2026-05-22T12:00:00Z,2100,call_options,2026-05-22 12:00:00+00:00,ETH,settled,,,,,,2128.87903994,0.013565373794470684
P-ETH-2100-220526,133127.0,expired,2026-05-22T12:00:00Z,2100,put_options,2026-05-22 12:00:00+00:00,ETH,settled,,,,,,2128.87903994,0.013565373794470684
C-ETH-2200-220526,133083.0,expired,2026-05-22T12:00:00Z,2200,call_options,2026-05-22 12:00:00+00:00,ETH,settled,,,,,,2128.87903994,0.03340770364388786
P-ETH-2200-220526,133078.0,expired,2026-05-22T12:00:00Z,2200,put_options,2026-05-22 12:00:00+00:00,ETH,settled,,,,,,2128.87903994,0.03340770364388786
C-ETH-2150-150526,132954.0,expired,2026-05-15T12:00:00Z,2150,call_options,2026-05-15 12:00:00+00:00,ETH,settled,,,,,,2257.05203692,0.04743002605561738
P-ETH-2150-150526,132953.0,expired,2026-05-15T12:00:00Z,2150,put_options,2026-05-15 12:00:00+00:00,ETH,settled,,,,,,2257.05203692,0.04743002605561738
C-ETH-2380-010526,132810.0,expired,2026-05-01T12:00:00Z,2380,call_options,2026-05-01 12:00:00+00:00,ETH,settled,,,,,,2284.48074657,0.04181223832742557
P-ETH-2380-010526,132809.0,expired,2026-05-01T12:00:00Z,2380,put_options,2026-05-01 12:00:00+00:00,ETH,settled,,,,,,2284.48074657,0.04181223832742557
C-ETH-2180-010526,132791.0,expired,2026-05-01T12:00:00Z,2180,call_options,2026-05-01 12:00:00+00:00,ETH,settled,,,,,,2284.48074657,0.045735008590845484
C-ETH-2220-010526,132790.0,expired,2026-05-01T12:00:00Z,2220,call_options,2026-05-01 12:00:00+00:00,ETH,settled,,,,,,2284.48074657,0.028225559207191275
C-ETH-2240-010526,132789.0,expired,2026-05-01T12:00:00Z,2240,call_options,2026-05-01 12:00:00+00:00,ETH,settled,,,,,,2284.48074657,0.01947083451536417
C-ETH-2260-010526,132788.0,expired,2026-05-01T12:00:00Z,2260,call_options,2026-05-01 12:00:00+00:00,ETH,settled,,,,,,2284.48074657,0.010716109823537065
C-ETH-2280-010526,132787.0,expired,2026-05-01T12:00:00Z,2280,call_options,2026-05-01 12:00:00+00:00,ETH,settled,,,,,,2284.48074657,0.001961385131709959
C-ETH-2320-010526,132786.0,expired,2026-05-01T12:00:00Z,2320,call_options,2026-05-01 12:00:00+00:00,ETH,settled,,,,,,2284.48074657,0.015548064251944252
C-ETH-2340-010526,132785.0,expired,2026-05-01T12:00:00Z,2340,call_options,2026-05-01 12:00:00+00:00,ETH,settled,,,,,,2284.48074657,0.02430278894377136
C-ETH-2360-010526,132784.0,expired,2026-05-01T12:00:00Z,2360,call_options,2026-05-01 12:00:00+00:00,ETH,settled,,,,,,2284.48074657,0.033057513635598466
P-ETH-2180-010526,132783.0,expired,2026-05-01T12:00:00Z,2180,put_options,2026-05-01 12:00:00+00:00,ETH,settled,,,,,,2284.48074657,0.045735008590845484
P-ETH-2220-010526,132782.0,expired,2026-05-01T12:00:00Z,2220,put_options,2026-05-01 12:00:00+00:00,ETH,settled,,,,,,2284.48074657,0.028225559207191275
P-ETH-2240-010526,132781.0,expired,2026-05-01T12:00:00Z,2240,put_options,2026-05-01 12:00:00+00:00,ETH,settled,,,,,,2284.48074657,0.01947083451536417
P-ETH-2260-010526,132780.0,expired,2026-05-01T12:00:00Z,2260,put_options,2026-05-01 12:00:00+00:00,ETH,settled,,,,,,2284.48074657,0.010716109823537065
P-ETH-2280-010526,132779.0,expired,2026-05-01T12:00:00Z,2280,put_options,2026-05-01 12:00:00+00:00,ETH,settled,,,,,,2284.48074657,0.001961385131709959
P-ETH-2320-010526,132778.0,expired,2026-05-01T12:00:00Z,2320,put_options,2026-05-01 12:00:00+00:00,ETH,settled,,,,,,2284.48074657,0.015548064251944252
P-ETH-2340-010526,132777.0,expired,2026-05-01T12:00:00Z,2340,put_options,2026-05-01 12:00:00+00:00,ETH,settled,,,,,,2284.48074657,0.02430278894377136
P-ETH-2360-010526,132776.0,expired,2026-05-01T12:00:00Z,2360,put_options,2026-05-01 12:00:00+00:00,ETH,settled,,,,,,2284.48074657,0.033057513635598466
C-ETH-2180-300426,132736.0,expired,2026-04-30T12:00:00Z,2180,call_options,2026-04-30 12:00:00+00:00,ETH,settled,,,,,,2258.00412664,0.03454560853972978
P-ETH-2180-300426,132735.0,expired,2026-04-30T12:00:00Z,2180,put_options,2026-04-30 12:00:00+00:00,ETH,settled,,,,,,2258.00412664,0.03454560853972978
C-ETH-2200-300426,132721.0,expired,2026-04-30T12:00:00Z,2200,call_options,2026-04-30 12:00:00+00:00,ETH,settled,,,,,,2258.00412664,0.025688228801562164
P-ETH-2200-300426,132720.0,expired,2026-04-30T12:00:00Z,2200,put_options,2026-04-30 12:00:00+00:00,ETH,settled,,,,,,2258.00412664,0.025688228801562164
C-ETH-2200-150526,132717.0,expired,2026-05-15T12:00:00Z,2200,call_options,2026-05-15 12:00:00+00:00,ETH,settled,,,,,,2257.05203692,0.025277235963887548
P-ETH-2200-150526,132716.0,expired,2026-05-15T12:00:00Z,2200,put_options,2026-05-15 12:00:00+00:00,ETH,settled,,,,,,2257.05203692,0.025277235963887548
P-ETH-2160-300426,132698.0,expired,2026-04-30T12:00:00Z,2160,put_options,2026-04-30 12:00:00+00:00,ETH,settled,,,,,,2258.00412664,0.043402988277897396
C-ETH-2160-300426,132691.0,expired,2026-04-30T12:00:00Z,2160,call_options,2026-04-30 12:00:00+00:00,ETH,settled,,,,,,2258.00412664,0.043402988277897396
P-ETH-2220-300426,132682.0,expired,2026-04-30T12:00:00Z,2220,put_options,2026-04-30 12:00:00+00:00,ETH,settled,,,,,,2258.00412664,0.01683084906339455
C-ETH-2220-300426,132669.0,expired,2026-04-30T12:00:00Z,2220,call_options,2026-04-30 12:00:00+00:00,ETH,settled,,,,,,2258.00412664,0.01683084906339455
C-ETH-2240-300426,132668.0,expired,2026-04-30T12:00:00Z,2240,call_options,2026-04-30 12:00:00+00:00,ETH,settled,,,,,,2258.00412664,0.007973469325226933
C-ETH-2260-300426,132667.0,expired,2026-04-30T12:00:00Z,2260,call_options,2026-04-30 12:00:00+00:00,ETH,settled,,,,,,2258.00412664,0.0008839104129406847
C-ETH-2280-300426,132666.0,expired,2026-04-30T12:00:00Z,2280,call_options,2026-04-30 12:00:00+00:00,ETH,settled,,,,,,2258.00412664,0.009741290151108301
C-ETH-2300-300426,132665.0,expired,2026-04-30T12:00:00Z,2300,call_options,2026-04-30 12:00:00+00:00,ETH,settled,,,,,,2258.00412664,0.01859866988927592
C-ETH-2320-300426,132664.0,expired,2026-04-30T12:00:00Z,2320,call_options,2026-04-30 12:00:00+00:00,ETH,settled,,,,,,2258.00412664,0.027456049627443534
C-ETH-2340-300426,132663.0,expired,2026-04-30T12:00:00Z,2340,call_options,2026-04-30 12:00:00+00:00,ETH,settled,,,,,,2258.00412664,0.036313429365611154
C-ETH-2360-300426,132662.0,expired,2026-04-30T12:00:00Z,2360,call_options,2026-04-30 12:00:00+00:00,ETH,settled,,,,,,2258.00412664,0.04517080910377877
P-ETH-2240-300426,132659.0,expired,2026-04-30T12:00:00Z,2240,put_options,2026-04-30 12:00:00+00:00,ETH,settled,,,,,,2258.00412664,0.007973469325226933
P-ETH-2260-300426,132658.0,expired,2026-04-30T12:00:00Z,2260,put_options,2026-04-30 12:00:00+00:00,ETH,settled,,,,,,2258.00412664,0.0008839104129406847
P-ETH-2280-300426,132657.0,expired,2026-04-30T12:00:00Z,2280,put_options,2026-04-30 12:00:00+00:00,ETH,settled,,,,,,2258.00412664,0.009741290151108301
P-ETH-2300-300426,132656.0,expired,2026-04-30T12:00:00Z,2300,put_options,2026-04-30 12:00:00+00:00,ETH,settled,,,,,,2258.00412664,0.01859866988927592
P-ETH-2320-300426,132655.0,expired,2026-04-30T12:00:00Z,2320,put_options,2026-04-30 12:00:00+00:00,ETH,settled,,,,,,2258.00412664,0.027456049627443534
P-ETH-2340-300426,132654.0,expired,2026-04-30T12:00:00Z,2340,put_options,2026-04-30 12:00:00+00:00,ETH,settled,,,,,,2258.00412664,0.036313429365611154
P-ETH-2360-300426,132653.0,expired,2026-04-30T12:00:00Z,2360,put_options,2026-04-30 12:00:00+00:00,ETH,settled,,,,,,2258.00412664,0.04517080910377877
C-ETH-2250-150526,132269.0,expired,2026-05-15T12:00:00Z,2250,call_options,2026-05-15 12:00:00+00:00,ETH,settled,,,,,,2257.05203692,0.0031244458721577184
C-ETH-2300-150526,132268.0,expired,2026-05-15T12:00:00Z,2300,call_options,2026-05-15 12:00:00+00:00,ETH,settled,,,,,,2257.05203692,0.01902834421957211
C-ETH-2350-150526,132267.0,expired,2026-05-15T12:00:00Z,2350,call_options,2026-05-15 12:00:00+00:00,ETH,settled,,,,,,2257.05203692,0.04118113431130194
P-ETH-2250-150526,132264.0,expired,2026-05-15T12:00:00Z,2250,put_options,2026-05-15 12:00:00+00:00,ETH,settled,,,,,,2257.05203692,0.0031244458721577184
P-ETH-2300-150526,132263.0,expired,2026-05-15T12:00:00Z,2300,put_options,2026-05-15 12:00:00+00:00,ETH,settled,,,,,,2257.05203692,0.01902834421957211
P-ETH-2350-150526,132262.0,expired,2026-05-15T12:00:00Z,2350,put_options,2026-05-15 12:00:00+00:00,ETH,settled,,,,,,2257.05203692,0.04118113431130194
C-ETH-2440-240426,131935.0,expired,2026-04-24T12:00:00Z,2440,call_options,2026-04-24 12:00:00+00:00,ETH,settled,,,,,,2327.08072696,0.04852400337117354
P-ETH-2440-240426,131934.0,expired,2026-04-24T12:00:00Z,2440,put_options,2026-04-24 12:00:00+00:00,ETH,settled,,,,,,2327.08072696,0.04852400337117354
C-ETH-2220-240426,131922.0,expired,2026-04-24T12:00:00Z,2220,call_options,2026-04-24 12:00:00+00:00,ETH,settled,,,,,,2327.08072696,0.0460150461131126
P-ETH-2220-240426,131921.0,expired,2026-04-24T12:00:00Z,2220,put_options,2026-04-24 12:00:00+00:00,ETH,settled,,,,,,2327.08072696,0.0460150461131126
C-ETH-2240-240426,131920.0,expired,2026-04-24T12:00:00Z,2240,call_options,2026-04-24 12:00:00+00:00,ETH,settled,,,,,,2327.08072696,0.03742058706908659
C-ETH-2260-240426,131919.0,expired,2026-04-24T12:00:00Z,2260,call_options,2026-04-24 12:00:00+00:00,ETH,settled,,,,,,2327.08072696,0.028826128025060575
C-ETH-2420-240426,131918.0,expired,2026-04-24T12:00:00Z,2420,call_options,2026-04-24 12:00:00+00:00,ETH,settled,,,,,,2327.08072696,0.03992954432714753
P-ETH-2240-240426,131917.0,expired,2026-04-24T12:00:00Z,2240,put_options,2026-04-24 12:00:00+00:00,ETH,settled,,,,,,2327.08072696,0.03742058706908659
P-ETH-2260-240426,131916.0,expired,2026-04-24T12:00:00Z,2260,put_options,2026-04-24 12:00:00+00:00,ETH,settled,,,,,,2327.08072696,0.028826128025060575
P-ETH-2420-240426,131915.0,expired,2026-04-24T12:00:00Z,2420,put_options,2026-04-24 12:00:00+00:00,ETH,settled,,,,,,2327.08072696,0.03992954432714753
C-ETH-2280-240426,131914.0,expired,2026-04-24T12:00:00Z,2280,call_options,2026-04-24 12:00:00+00:00,ETH,settled,,,,,,2327.08072696,0.020231668981034564
C-ETH-2320-240426,131913.0,expired,2026-04-24T12:00:00Z,2320,call_options,2026-04-24 12:00:00+00:00,ETH,settled,,,,,,2327.08072696,0.0030427508929825376
C-ETH-2340-240426,131912.0,expired,2026-04-24T12:00:00Z,2340,call_options,2026-04-24 12:00:00+00:00,ETH,settled,,,,,,2327.08072696,0.005551708151043475
C-ETH-2360-240426,131911.0,expired,2026-04-24T12:00:00Z,2360,call_options,2026-04-24 12:00:00+00:00,ETH,settled,,,,,,2327.08072696,0.014146167195069488
C-ETH-2380-240426,131910.0,expired,2026-04-24T12:00:00Z,2380,call_options,2026-04-24 12:00:00+00:00,ETH,settled,,,,,,2327.08072696,0.0227406262390955
P-ETH-2280-240426,131909.0,expired,2026-04-24T12:00:00Z,2280,put_options,2026-04-24 12:00:00+00:00,ETH,settled,,,,,,2327.08072696,0.020231668981034564
P-ETH-2320-240426,131908.0,expired,2026-04-24T12:00:00Z,2320,put_options,2026-04-24 12:00:00+00:00,ETH,settled,,,,,,2327.08072696,0.0030427508929825376
P-ETH-2340-240426,131907.0,expired,2026-04-24T12:00:00Z,2340,put_options,2026-04-24 12:00:00+00:00,ETH,settled,,,,,,2327.08072696,0.005551708151043475
P-ETH-2360-240426,131906.0,expired,2026-04-24T12:00:00Z,2360,put_options,2026-04-24 12:00:00+00:00,ETH,settled,,,,,,2327.08072696,0.014146167195069488
P-ETH-2380-240426,131905.0,expired,2026-04-24T12:00:00Z,2380,put_options,2026-04-24 12:00:00+00:00,ETH,settled,,,,,,2327.08072696,0.0227406262390955
C-ETH-2250-080526,131616.0,expired,2026-05-08T12:00:00Z,2250,call_options,2026-05-08 12:00:00+00:00,ETH,settled,,,,,,2294.36854383,0.019338019582475312
P-ETH-2250-080526,131615.0,expired,2026-05-08T12:00:00Z,2250,put_options,2026-05-08 12:00:00+00:00,ETH,settled,,,,,,2294.36854383,0.019338019582475312
C-ETH-2200-080526,131363.0,expired,2026-05-08T12:00:00Z,2200,call_options,2026-05-08 12:00:00+00:00,ETH,settled,,,,,,2294.36854383,0.04113050803619808
P-ETH-2200-080526,131361.0,expired,2026-05-08T12:00:00Z,2200,put_options,2026-05-08 12:00:00+00:00,ETH,settled,,,,,,2294.36854383,0.04113050803619808
C-ETH-2300-080526,131320.0,expired,2026-05-08T12:00:00Z,2300,call_options,2026-05-08 12:00:00+00:00,ETH,settled,,,,,,2294.36854383,0.0024544688712474574
C-ETH-2350-080526,131319.0,expired,2026-05-08T12:00:00Z,2350,call_options,2026-05-08 12:00:00+00:00,ETH,settled,,,,,,2294.36854383,0.024246957324970227
C-ETH-2400-080526,131318.0,expired,2026-05-08T12:00:00Z,2400,call_options,2026-05-08 12:00:00+00:00,ETH,settled,,,,,,2294.36854383,0.046039445778693
P-ETH-2300-080526,131315.0,expired,2026-05-08T12:00:00Z,2300,put_options,2026-05-08 12:00:00+00:00,ETH,settled,,,,,,2294.36854383,0.0024544688712474574
P-ETH-2350-080526,131314.0,expired,2026-05-08T12:00:00Z,2350,put_options,2026-05-08 12:00:00+00:00,ETH,settled,,,,,,2294.36854383,0.024246957324970227
P-ETH-2400-080526,131313.0,expired,2026-05-08T12:00:00Z,2400,put_options,2026-05-08 12:00:00+00:00,ETH,settled,,,,,,2294.36854383,0.046039445778693
C-ETH-2240-170426,131058.0,expired,2026-04-17T12:00:00Z,2240,call_options,2026-04-17 12:00:00+00:00,ETH,settled,,,,,,2354.02571011,0.048438600147944794
P-ETH-2240-170426,131057.0,expired,2026-04-17T12:00:00Z,2240,put_options,2026-04-17 12:00:00+00:00,ETH,settled,,,,,,2354.02571011,0.048438600147944794
C-ETH-2260-170426,131056.0,expired,2026-04-17T12:00:00Z,2260,call_options,2026-04-17 12:00:00+00:00,ETH,settled,,,,,,2354.02571011,0.0399425162206943
P-ETH-2260-170426,131055.0,expired,2026-04-17T12:00:00Z,2260,put_options,2026-04-17 12:00:00+00:00,ETH,settled,,,,,,2354.02571011,0.0399425162206943
C-ETH-2280-170426,131003.0,expired,2026-04-17T12:00:00Z,2280,call_options,2026-04-17 12:00:00+00:00,ETH,settled,,,,,,2354.02571011,0.03144643229344381
C-ETH-2320-170426,131002.0,expired,2026-04-17T12:00:00Z,2320,call_options,2026-04-17 12:00:00+00:00,ETH,settled,,,,,,2354.02571011,0.01445426443894282
C-ETH-2340-170426,131001.0,expired,2026-04-17T12:00:00Z,2340,call_options,2026-04-17 12:00:00+00:00,ETH,settled,,,,,,2354.02571011,0.005958180511692326
C-ETH-2360-170426,131000.0,expired,2026-04-17T12:00:00Z,2360,call_options,2026-04-17 12:00:00+00:00,ETH,settled,,,,,,2354.02571011,0.002537903415558167
C-ETH-2380-170426,130999.0,expired,2026-04-17T12:00:00Z,2380,call_options,2026-04-17 12:00:00+00:00,ETH,settled,,,,,,2354.02571011,0.01103398734280866
C-ETH-2420-170426,130998.0,expired,2026-04-17T12:00:00Z,2420,call_options,2026-04-17 12:00:00+00:00,ETH,settled,,,,,,2354.02571011,0.028026155197309645
C-ETH-2440-170426,130997.0,expired,2026-04-17T12:00:00Z,2440,call_options,2026-04-17 12:00:00+00:00,ETH,settled,,,,,,2354.02571011,0.03652223912456014
C-ETH-2460-170426,130996.0,expired,2026-04-17T12:00:00Z,2460,call_options,2026-04-17 12:00:00+00:00,ETH,settled,,,,,,2354.02571011,0.04501832305181063
P-ETH-2280-170426,130995.0,expired,2026-04-17T12:00:00Z,2280,put_options,2026-04-17 12:00:00+00:00,ETH,settled,,,,,,2354.02571011,0.03144643229344381
P-ETH-2320-170426,130994.0,expired,2026-04-17T12:00:00Z,2320,put_options,2026-04-17 12:00:00+00:00,ETH,settled,,,,,,2354.02571011,0.01445426443894282
P-ETH-2340-170426,130993.0,expired,2026-04-17T12:00:00Z,2340,put_options,2026-04-17 12:00:00+00:00,ETH,settled,,,,,,2354.02571011,0.005958180511692326
P-ETH-2360-170426,130992.0,expired,2026-04-17T12:00:00Z,2360,put_options,2026-04-17 12:00:00+00:00,ETH,settled,,,,,,2354.02571011,0.002537903415558167
P-ETH-2380-170426,130991.0,expired,2026-04-17T12:00:00Z,2380,put_options,2026-04-17 12:00:00+00:00,ETH,settled,,,,,,2354.02571011,0.01103398734280866
P-ETH-2420-170426,130990.0,expired,2026-04-17T12:00:00Z,2420,put_options,2026-04-17 12:00:00+00:00,ETH,settled,,,,,,2354.02571011,0.028026155197309645
P-ETH-2440-170426,130989.0,expired,2026-04-17T12:00:00Z,2440,put_options,2026-04-17 12:00:00+00:00,ETH,settled,,,,,,2354.02571011,0.03652223912456014
P-ETH-2460-170426,130988.0,expired,2026-04-17T12:00:00Z,2460,put_options,2026-04-17 12:00:00+00:00,ETH,settled,,,,,,2354.02571011,0.04501832305181063
C-ETH-2200-010526,130386.0,expired,2026-05-01T12:00:00Z,2200,call_options,2026-05-01 12:00:00+00:00,ETH,settled,,,,,,2284.48074657,0.03698028389901838
C-ETH-2250-010526,130385.0,expired,2026-05-01T12:00:00Z,2250,call_options,2026-05-01 12:00:00+00:00,ETH,settled,,,,,,2284.48074657,0.015093472169450617
C-ETH-2300-010526,130384.0,expired,2026-05-01T12:00:00Z,2300,call_options,2026-05-01 12:00:00+00:00,ETH,settled,,,,,,2284.48074657,0.006793339560117147
C-ETH-2350-010526,130383.0,expired,2026-05-01T12:00:00Z,2350,call_options,2026-05-01 12:00:00+00:00,ETH,settled,,,,,,2284.48074657,0.028680151289684912
P-ETH-2200-010526,130381.0,expired,2026-05-01T12:00:00Z,2200,put_options,2026-05-01 12:00:00+00:00,ETH,settled,,,,,,2284.48074657,0.03698028389901838
P-ETH-2250-010526,130380.0,expired,2026-05-01T12:00:00Z,2250,put_options,2026-05-01 12:00:00+00:00,ETH,settled,,,,,,2284.48074657,0.015093472169450617
P-ETH-2300-010526,130379.0,expired,2026-05-01T12:00:00Z,2300,put_options,2026-05-01 12:00:00+00:00,ETH,settled,,,,,,2284.48074657,0.006793339560117147
P-ETH-2350-010526,130378.0,expired,2026-05-01T12:00:00Z,2350,put_options,2026-05-01 12:00:00+00:00,ETH,settled,,,,,,2284.48074657,0.028680151289684912
C-ETH-2450-170426,130377.0,expired,2026-04-17T12:00:00Z,2450,call_options,2026-04-17 12:00:00+00:00,ETH,settled,,,,,,2354.02571011,0.04077028108818539
P-ETH-2450-170426,130376.0,expired,2026-04-17T12:00:00Z,2450,put_options,2026-04-17 12:00:00+00:00,ETH,settled,,,,,,2354.02571011,0.04077028108818539
C-ETH-2320-100426,130094.0,expired,2026-04-10T12:00:00Z,2320,call_options,2026-04-10 12:00:00+00:00,ETH,settled,,,,,,2215.97663469,0.0469424468117427
P-ETH-2320-100426,130093.0,expired,2026-04-10T12:00:00Z,2320,put_options,2026-04-10 12:00:00+00:00,ETH,settled,,,,,,2215.97663469,0.0469424468117427
C-ETH-2350-170426,130075.0,expired,2026-04-17T12:00:00Z,2350,call_options,2026-04-17 12:00:00+00:00,ETH,settled,,,,,,2354.02571011,0.0017101385480670793
P-ETH-2350-170426,130074.0,expired,2026-04-17T12:00:00Z,2350,put_options,2026-04-17 12:00:00+00:00,ETH,settled,,,,,,2354.02571011,0.0017101385480670793
C-ETH-2350-240426,130073.0,expired,2026-04-24T12:00:00Z,2350,call_options,2026-04-24 12:00:00+00:00,ETH,settled,,,,,,2327.08072696,0.00984893767305648
P-ETH-2350-240426,130072.0,expired,2026-04-24T12:00:00Z,2350,put_options,2026-04-24 12:00:00+00:00,ETH,settled,,,,,,2327.08072696,0.00984893767305648
C-ETH-2280-100426,130054.0,expired,2026-04-10T12:00:00Z,2280,call_options,2026-04-10 12:00:00+00:00,ETH,settled,,,,,,2215.97663469,0.028891714970160933
P-ETH-2280-100426,130053.0,expired,2026-04-10T12:00:00Z,2280,put_options,2026-04-10 12:00:00+00:00,ETH,settled,,,,,,2215.97663469,0.028891714970160933
C-ETH-2260-100426,130033.0,expired,2026-04-10T12:00:00Z,2260,call_options,2026-04-10 12:00:00+00:00,ETH,settled,,,,,,2215.97663469,0.019866349049370045
P-ETH-2260-100426,130032.0,expired,2026-04-10T12:00:00Z,2260,put_options,2026-04-10 12:00:00+00:00,ETH,settled,,,,,,2215.97663469,0.019866349049370045
C-ETH-2240-100426,130014.0,expired,2026-04-10T12:00:00Z,2240,call_options,2026-04-10 12:00:00+00:00,ETH,settled,,,,,,2215.97663469,0.010840983128579161
P-ETH-2240-100426,130013.0,expired,2026-04-10T12:00:00Z,2240,put_options,2026-04-10 12:00:00+00:00,ETH,settled,,,,,,2215.97663469,0.010840983128579161
C-ETH-2220-100426,130004.0,expired,2026-04-10T12:00:00Z,2220,call_options,2026-04-10 12:00:00+00:00,ETH,settled,,,,,,2215.97663469,0.0018156172077882756
P-ETH-2220-100426,130003.0,expired,2026-04-10T12:00:00Z,2220,put_options,2026-04-10 12:00:00+00:00,ETH,settled,,,,,,2215.97663469,0.0018156172077882756
C-ETH-2120-100426,129976.0,expired,2026-04-10T12:00:00Z,2120,call_options,2026-04-10 12:00:00+00:00,ETH,settled,,,,,,2215.97663469,0.04331121239616615
C-ETH-2140-100426,129975.0,expired,2026-04-10T12:00:00Z,2140,call_options,2026-04-10 12:00:00+00:00,ETH,settled,,,,,,2215.97663469,0.03428584647537527
C-ETH-2160-100426,129974.0,expired,2026-04-10T12:00:00Z,2160,call_options,2026-04-10 12:00:00+00:00,ETH,settled,,,,,,2215.97663469,0.02526048055458438
C-ETH-2180-100426,129973.0,expired,2026-04-10T12:00:00Z,2180,call_options,2026-04-10 12:00:00+00:00,ETH,settled,,,,,,2215.97663469,0.016235114633793495
P-ETH-2120-100426,129968.0,expired,2026-04-10T12:00:00Z,2120,put_options,2026-04-10 12:00:00+00:00,ETH,settled,,,,,,2215.97663469,0.04331121239616615
P-ETH-2140-100426,129967.0,expired,2026-04-10T12:00:00Z,2140,put_options,2026-04-10 12:00:00+00:00,ETH,settled,,,,,,2215.97663469,0.03428584647537527
P-ETH-2160-100426,129966.0,expired,2026-04-10T12:00:00Z,2160,put_options,2026-04-10 12:00:00+00:00,ETH,settled,,,,,,2215.97663469,0.02526048055458438
P-ETH-2180-100426,129965.0,expired,2026-04-10T12:00:00Z,2180,put_options,2026-04-10 12:00:00+00:00,ETH,settled,,,,,,2215.97663469,0.016235114633793495
C-ETH-2250-170426,129218.0,expired,2026-04-17T12:00:00Z,2250,call_options,2026-04-17 12:00:00+00:00,ETH,settled,,,,,,2354.02571011,0.044190558184319544
P-ETH-2250-170426,129217.0,expired,2026-04-17T12:00:00Z,2250,put_options,2026-04-17 12:00:00+00:00,ETH,settled,,,,,,2354.02571011,0.044190558184319544
C-ETH-2160-030426,129193.0,expired,2026-04-03T12:00:00Z,2160,call_options,2026-04-03 12:00:00+00:00,ETH,settled,,,,,,2062.65816455,0.04719242243963219
P-ETH-2160-030426,129192.0,expired,2026-04-03T12:00:00Z,2160,put_options,2026-04-03 12:00:00+00:00,ETH,settled,,,,,,2062.65816455,0.04719242243963219
C-ETH-2140-030426,129188.0,expired,2026-04-03T12:00:00Z,2140,call_options,2026-04-03 12:00:00+00:00,ETH,settled,,,,,,2062.65816455,0.037496196305931886
P-ETH-2140-030426,129187.0,expired,2026-04-03T12:00:00Z,2140,put_options,2026-04-03 12:00:00+00:00,ETH,settled,,,,,,2062.65816455,0.037496196305931886
C-ETH-1960-030426,129185.0,expired,2026-04-03T12:00:00Z,1960,call_options,2026-04-03 12:00:00+00:00,ETH,settled,,,,,,2062.65816455,0.04976983889737079
C-ETH-1980-030426,129184.0,expired,2026-04-03T12:00:00Z,1980,call_options,2026-04-03 12:00:00+00:00,ETH,settled,,,,,,2062.65816455,0.040073612763670496
C-ETH-2020-030426,129183.0,expired,2026-04-03T12:00:00Z,2020,call_options,2026-04-03 12:00:00+00:00,ETH,settled,,,,,,2062.65816455,0.0206811604962699
C-ETH-2040-030426,129182.0,expired,2026-04-03T12:00:00Z,2040,call_options,2026-04-03 12:00:00+00:00,ETH,settled,,,,,,2062.65816455,0.010984934362569601
C-ETH-2060-030426,129181.0,expired,2026-04-03T12:00:00Z,2060,call_options,2026-04-03 12:00:00+00:00,ETH,settled,,,,,,2062.65816455,0.0012887082288693028
C-ETH-2080-030426,129180.0,expired,2026-04-03T12:00:00Z,2080,call_options,2026-04-03 12:00:00+00:00,ETH,settled,,,,,,2062.65816455,0.008407517904830995
C-ETH-2120-030426,129179.0,expired,2026-04-03T12:00:00Z,2120,call_options,2026-04-03 12:00:00+00:00,ETH,settled,,,,,,2062.65816455,0.02779997017223159
P-ETH-1960-030426,129177.0,expired,2026-04-03T12:00:00Z,1960,put_options,2026-04-03 12:00:00+00:00,ETH,settled,,,,,,2062.65816455,0.04976983889737079
P-ETH-1980-030426,129176.0,expired,2026-04-03T12:00:00Z,1980,put_options,2026-04-03 12:00:00+00:00,ETH,settled,,,,,,2062.65816455,0.040073612763670496
P-ETH-2020-030426,129175.0,expired,2026-04-03T12:00:00Z,2020,put_options,2026-04-03 12:00:00+00:00,ETH,settled,,,,,,2062.65816455,0.0206811604962699
P-ETH-2040-030426,129174.0,expired,2026-04-03T12:00:00Z,2040,put_options,2026-04-03 12:00:00+00:00,ETH,settled,,,,,,2062.65816455,0.010984934362569601
P-ETH-2060-030426,129173.0,expired,2026-04-03T12:00:00Z,2060,put_options,2026-04-03 12:00:00+00:00,ETH,settled,,,,,,2062.65816455,0.0012887082288693028
P-ETH-2080-030426,129172.0,expired,2026-04-03T12:00:00Z,2080,put_options,2026-04-03 12:00:00+00:00,ETH,settled,,,,,,2062.65816455,0.008407517904830995
P-ETH-2120-030426,129171.0,expired,2026-04-03T12:00:00Z,2120,put_options,2026-04-03 12:00:00+00:00,ETH,settled,,,,,,2062.65816455,0.02779997017223159
C-ETH-2140-310326,129025.0,expired,2026-03-31T12:00:00Z,2140,call_options,2026-03-31 12:00:00+00:00,ETH,settled,,,,,,2042.66068537,0.04765319826595101
P-ETH-2140-310326,129024.0,expired,2026-03-31T12:00:00Z,2140,put_options,2026-03-31 12:00:00+00:00,ETH,settled,,,,,,2042.66068537,0.04765319826595101
C-ETH-2100-310326,128881.0,expired,2026-03-31T12:00:00Z,2100,call_options,2026-03-31 12:00:00+00:00,ETH,settled,,,,,,2042.66068537,0.028070895494624826
P-ETH-2100-310326,128880.0,expired,2026-03-31T12:00:00Z,2100,put_options,2026-03-31 12:00:00+00:00,ETH,settled,,,,,,2042.66068537,0.028070895494624826
C-ETH-2120-310326,128872.0,expired,2026-03-31T12:00:00Z,2120,call_options,2026-03-31 12:00:00+00:00,ETH,settled,,,,,,2042.66068537,0.037862046880287915
P-ETH-2120-310326,128871.0,expired,2026-03-31T12:00:00Z,2120,put_options,2026-03-31 12:00:00+00:00,ETH,settled,,,,,,2042.66068537,0.037862046880287915
C-ETH-1960-310326,128855.0,expired,2026-03-31T12:00:00Z,1960,call_options,2026-03-31 12:00:00+00:00,ETH,settled,,,,,,2042.66068537,0.04046716420501683
C-ETH-1980-310326,128854.0,expired,2026-03-31T12:00:00Z,1980,call_options,2026-03-31 12:00:00+00:00,ETH,settled,,,,,,2042.66068537,0.030676012819353737
C-ETH-2000-310326,128853.0,expired,2026-03-31T12:00:00Z,2000,call_options,2026-03-31 12:00:00+00:00,ETH,settled,,,,,,2042.66068537,0.020884861433690644
C-ETH-2020-310326,128852.0,expired,2026-03-31T12:00:00Z,2020,call_options,2026-03-31 12:00:00+00:00,ETH,settled,,,,,,2042.66068537,0.01109371004802755
C-ETH-2040-310326,128851.0,expired,2026-03-31T12:00:00Z,2040,call_options,2026-03-31 12:00:00+00:00,ETH,settled,,,,,,2042.66068537,0.001302558662364456
C-ETH-2060-310326,128850.0,expired,2026-03-31T12:00:00Z,2060,call_options,2026-03-31 12:00:00+00:00,ETH,settled,,,,,,2042.66068537,0.008488592723298638
C-ETH-2080-310326,128849.0,expired,2026-03-31T12:00:00Z,2080,call_options,2026-03-31 12:00:00+00:00,ETH,settled,,,,,,2042.66068537,0.018279744108961733
P-ETH-1960-310326,128845.0,expired,2026-03-31T12:00:00Z,1960,put_options,2026-03-31 12:00:00+00:00,ETH,settled,,,,,,2042.66068537,0.04046716420501683
P-ETH-1980-310326,128844.0,expired,2026-03-31T12:00:00Z,1980,put_options,2026-03-31 12:00:00+00:00,ETH,settled,,,,,,2042.66068537,0.030676012819353737
P-ETH-2000-310326,128843.0,expired,2026-03-31T12:00:00Z,2000,put_options,2026-03-31 12:00:00+00:00,ETH,settled,,,,,,2042.66068537,0.020884861433690644
P-ETH-2020-310326,128842.0,expired,2026-03-31T12:00:00Z,2020,put_options,2026-03-31 12:00:00+00:00,ETH,settled,,,,,,2042.66068537,0.01109371004802755
P-ETH-2040-310326,128841.0,expired,2026-03-31T12:00:00Z,2040,put_options,2026-03-31 12:00:00+00:00,ETH,settled,,,,,,2042.66068537,0.001302558662364456
P-ETH-2060-310326,128840.0,expired,2026-03-31T12:00:00Z,2060,put_options,2026-03-31 12:00:00+00:00,ETH,settled,,,,,,2042.66068537,0.008488592723298638
P-ETH-2080-310326,128839.0,expired,2026-03-31T12:00:00Z,2080,put_options,2026-03-31 12:00:00+00:00,ETH,settled,,,,,,2042.66068537,0.018279744108961733
C-ETH-2400-170426,128681.0,expired,2026-04-17T12:00:00Z,2400,call_options,2026-04-17 12:00:00+00:00,ETH,settled,,,,,,2354.02571011,0.01953007127005915
C-ETH-2300-170426,128680.0,expired,2026-04-17T12:00:00Z,2300,call_options,2026-04-17 12:00:00+00:00,ETH,settled,,,,,,2354.02571011,0.02295034836619331
P-ETH-2400-170426,128674.0,expired,2026-04-17T12:00:00Z,2400,put_options,2026-04-17 12:00:00+00:00,ETH,settled,,,,,,2354.02571011,0.01953007127005915
P-ETH-2300-170426,128673.0,expired,2026-04-17T12:00:00Z,2300,put_options,2026-04-17 12:00:00+00:00,ETH,settled,,,,,,2354.02571011,0.02295034836619331
C-ETH-1920-270326,128531.0,expired,2026-03-27T12:00:00Z,1920,call_options,2026-03-27 12:00:00+00:00,ETH,settled,,,,,,1989.92024781,0.03513721109524393
P-ETH-1920-270326,128530.0,expired,2026-03-27T12:00:00Z,1920,put_options,2026-03-27 12:00:00+00:00,ETH,settled,,,,,,1989.92024781,0.03513721109524393
C-ETH-1940-270326,128495.0,expired,2026-03-27T12:00:00Z,1940,call_options,2026-03-27 12:00:00+00:00,ETH,settled,,,,,,1989.92024781,0.025086557044152726
P-ETH-1940-270326,128494.0,expired,2026-03-27T12:00:00Z,1940,put_options,2026-03-27 12:00:00+00:00,ETH,settled,,,,,,1989.92024781,0.025086557044152726
C-ETH-1960-270326,128460.0,expired,2026-03-27T12:00:00Z,1960,call_options,2026-03-27 12:00:00+00:00,ETH,settled,,,,,,1989.92024781,0.015035902993061515
P-ETH-1960-270326,128459.0,expired,2026-03-27T12:00:00Z,1960,put_options,2026-03-27 12:00:00+00:00,ETH,settled,,,,,,1989.92024781,0.015035902993061515
C-ETH-1980-270326,128386.0,expired,2026-03-27T12:00:00Z,1980,call_options,2026-03-27 12:00:00+00:00,ETH,settled,,,,,,1989.92024781,0.004985248941970306
P-ETH-1980-270326,128356.0,expired,2026-03-27T12:00:00Z,1980,put_options,2026-03-27 12:00:00+00:00,ETH,settled,,,,,,1989.92024781,0.004985248941970306
C-ETH-2250-240426,128245.0,expired,2026-04-24T12:00:00Z,2250,call_options,2026-04-24 12:00:00+00:00,ETH,settled,,,,,,2327.08072696,0.03312335754707358
P-ETH-2250-240426,128242.0,expired,2026-04-24T12:00:00Z,2250,put_options,2026-04-24 12:00:00+00:00,ETH,settled,,,,,,2327.08072696,0.03312335754707358
C-ETH-2020-270326,128184.0,expired,2026-03-27T12:00:00Z,2020,call_options,2026-03-27 12:00:00+00:00,ETH,settled,,,,,,1989.92024781,0.015116059160212112
P-ETH-2020-270326,128183.0,expired,2026-03-27T12:00:00Z,2020,put_options,2026-03-27 12:00:00+00:00,ETH,settled,,,,,,1989.92024781,0.015116059160212112
C-ETH-2040-270326,128173.0,expired,2026-03-27T12:00:00Z,2040,call_options,2026-03-27 12:00:00+00:00,ETH,settled,,,,,,1989.92024781,0.025166713211303322
P-ETH-2040-270326,128172.0,expired,2026-03-27T12:00:00Z,2040,put_options,2026-03-27 12:00:00+00:00,ETH,settled,,,,,,1989.92024781,0.025166713211303322
C-ETH-2060-270326,128168.0,expired,2026-03-27T12:00:00Z,2060,call_options,2026-03-27 12:00:00+00:00,ETH,settled,,,,,,1989.92024781,0.03521736726239453
P-ETH-2060-270326,128167.0,expired,2026-03-27T12:00:00Z,2060,put_options,2026-03-27 12:00:00+00:00,ETH,settled,,,,,,1989.92024781,0.03521736726239453
C-ETH-2080-270326,128165.0,expired,2026-03-27T12:00:00Z,2080,call_options,2026-03-27 12:00:00+00:00,ETH,settled,,,,,,1989.92024781,0.045268021313485736
P-ETH-2080-270326,128162.0,expired,2026-03-27T12:00:00Z,2080,put_options,2026-03-27 12:00:00+00:00,ETH,settled,,,,,,1989.92024781,0.045268021313485736
C-ETH-2300-100426,127664.0,expired,2026-04-10T12:00:00Z,2300,call_options,2026-04-10 12:00:00+00:00,ETH,settled,,,,,,2215.97663469,0.03791708089095182
P-ETH-2300-100426,127657.0,expired,2026-04-10T12:00:00Z,2300,put_options,2026-04-10 12:00:00+00:00,ETH,settled,,,,,,2215.97663469,0.03791708089095182
C-ETH-2150-100426,127610.0,expired,2026-04-10T12:00:00Z,2150,call_options,2026-04-10 12:00:00+00:00,ETH,settled,,,,,,2215.97663469,0.029773163514979824
C-ETH-2200-100426,127609.0,expired,2026-04-10T12:00:00Z,2200,call_options,2026-04-10 12:00:00+00:00,ETH,settled,,,,,,2215.97663469,0.00720974871300261
C-ETH-2250-100426,127608.0,expired,2026-04-10T12:00:00Z,2250,call_options,2026-04-10 12:00:00+00:00,ETH,settled,,,,,,2215.97663469,0.015353666088974604
P-ETH-2150-100426,127605.0,expired,2026-04-10T12:00:00Z,2150,put_options,2026-04-10 12:00:00+00:00,ETH,settled,,,,,,2215.97663469,0.029773163514979824
P-ETH-2200-100426,127604.0,expired,2026-04-10T12:00:00Z,2200,put_options,2026-04-10 12:00:00+00:00,ETH,settled,,,,,,2215.97663469,0.00720974871300261
P-ETH-2250-100426,127603.0,expired,2026-04-10T12:00:00Z,2250,put_options,2026-04-10 12:00:00+00:00,ETH,settled,,,,,,2215.97663469,0.015353666088974604
C-ETH-2040-200326,127538.0,expired,2026-03-20T12:00:00Z,2040,call_options,2026-03-20 12:00:00+00:00,ETH,settled,,,,,,2143.21576381,0.04815929667599742
P-ETH-2040-200326,127537.0,expired,2026-03-20T12:00:00Z,2040,put_options,2026-03-20 12:00:00+00:00,ETH,settled,,,,,,2143.21576381,0.04815929667599742
C-ETH-2060-200326,127436.0,expired,2026-03-20T12:00:00Z,2060,call_options,2026-03-20 12:00:00+00:00,ETH,settled,,,,,,2143.21576381,0.03882752507478171
P-ETH-2060-200326,127435.0,expired,2026-03-20T12:00:00Z,2060,put_options,2026-03-20 12:00:00+00:00,ETH,settled,,,,,,2143.21576381,0.03882752507478171
C-ETH-2080-200326,127391.0,expired,2026-03-20T12:00:00Z,2080,call_options,2026-03-20 12:00:00+00:00,ETH,settled,,,,,,2143.21576381,0.029495753473566002
P-ETH-2080-200326,127390.0,expired,2026-03-20T12:00:00Z,2080,put_options,2026-03-20 12:00:00+00:00,ETH,settled,,,,,,2143.21576381,0.029495753473566002
C-ETH-2120-200326,127367.0,expired,2026-03-20T12:00:00Z,2120,call_options,2026-03-20 12:00:00+00:00,ETH,settled,,,,,,2143.21576381,0.010832210271134578
P-ETH-2120-200326,127366.0,expired,2026-03-20T12:00:00Z,2120,put_options,2026-03-20 12:00:00+00:00,ETH,settled,,,,,,2143.21576381,0.010832210271134578
C-ETH-2140-200326,127345.0,expired,2026-03-20T12:00:00Z,2140,call_options,2026-03-20 12:00:00+00:00,ETH,settled,,,,,,2143.21576381,0.0015004386699188673
P-ETH-2140-200326,127344.0,expired,2026-03-20T12:00:00Z,2140,put_options,2026-03-20 12:00:00+00:00,ETH,settled,,,,,,2143.21576381,0.0015004386699188673
C-ETH-2160-200326,127326.0,expired,2026-03-20T12:00:00Z,2160,call_options,2026-03-20 12:00:00+00:00,ETH,settled,,,,,,2143.21576381,0.007831332931296845
P-ETH-2160-200326,127325.0,expired,2026-03-20T12:00:00Z,2160,put_options,2026-03-20 12:00:00+00:00,ETH,settled,,,,,,2143.21576381,0.007831332931296845
C-ETH-2180-200326,127243.0,expired,2026-03-20T12:00:00Z,2180,call_options,2026-03-20 12:00:00+00:00,ETH,settled,,,,,,2143.21576381,0.017163104532512557
P-ETH-2180-200326,127242.0,expired,2026-03-20T12:00:00Z,2180,put_options,2026-03-20 12:00:00+00:00,ETH,settled,,,,,,2143.21576381,0.017163104532512557
C-ETH-2220-200326,127215.0,expired,2026-03-20T12:00:00Z,2220,call_options,2026-03-20 12:00:00+00:00,ETH,settled,,,,,,2143.21576381,0.03582664773494398
P-ETH-2220-200326,127214.0,expired,2026-03-20T12:00:00Z,2220,put_options,2026-03-20 12:00:00+00:00,ETH,settled,,,,,,2143.21576381,0.03582664773494398
C-ETH-2240-200326,127211.0,expired,2026-03-20T12:00:00Z,2240,call_options,2026-03-20 12:00:00+00:00,ETH,settled,,,,,,2143.21576381,0.04515841933615969
P-ETH-2240-200326,127203.0,expired,2026-03-20T12:00:00Z,2240,put_options,2026-03-20 12:00:00+00:00,ETH,settled,,,,,,2143.21576381,0.04515841933615969
C-ETH-2000-030426,126703.0,expired,2026-04-03T12:00:00Z,2000,call_options,2026-04-03 12:00:00+00:00,ETH,settled,,,,,,2062.65816455,0.030377386629970197
P-ETH-2000-030426,126702.0,expired,2026-04-03T12:00:00Z,2000,put_options,2026-04-03 12:00:00+00:00,ETH,settled,,,,,,2062.65816455,0.030377386629970197
C-ETH-2050-030426,126521.0,expired,2026-04-03T12:00:00Z,2050,call_options,2026-04-03 12:00:00+00:00,ETH,settled,,,,,,2062.65816455,0.006136821295719452
C-ETH-2100-030426,126520.0,expired,2026-04-03T12:00:00Z,2100,call_options,2026-04-03 12:00:00+00:00,ETH,settled,,,,,,2062.65816455,0.018103744038531294
C-ETH-2150-030426,126519.0,expired,2026-04-03T12:00:00Z,2150,call_options,2026-04-03 12:00:00+00:00,ETH,settled,,,,,,2062.65816455,0.04234430937278204
P-ETH-2050-030426,126516.0,expired,2026-04-03T12:00:00Z,2050,put_options,2026-04-03 12:00:00+00:00,ETH,settled,,,,,,2062.65816455,0.006136821295719452
P-ETH-2100-030426,126515.0,expired,2026-04-03T12:00:00Z,2100,put_options,2026-04-03 12:00:00+00:00,ETH,settled,,,,,,2062.65816455,0.018103744038531294
P-ETH-2150-030426,126514.0,expired,2026-04-03T12:00:00Z,2150,put_options,2026-04-03 12:00:00+00:00,ETH,settled,,,,,,2062.65816455,0.04234430937278204
C-ETH-2220-130326,126449.0,expired,2026-03-13T12:00:00Z,2220,call_options,2026-03-13 12:00:00+00:00,ETH,settled,,,,,,2120.08438131,0.04712813299830176
P-ETH-2220-130326,126448.0,expired,2026-03-13T12:00:00Z,2220,put_options,2026-03-13 12:00:00+00:00,ETH,settled,,,,,,2120.08438131,0.04712813299830176
C-ETH-2180-130326,126235.0,expired,2026-03-13T12:00:00Z,2180,call_options,2026-03-13 12:00:00+00:00,ETH,settled,,,,,,2120.08438131,0.028260959430764787
P-ETH-2180-130326,126234.0,expired,2026-03-13T12:00:00Z,2180,put_options,2026-03-13 12:00:00+00:00,ETH,settled,,,,,,2120.08438131,0.028260959430764787
C-ETH-2020-130326,126200.0,expired,2026-03-13T12:00:00Z,2020,call_options,2026-03-13 12:00:00+00:00,ETH,settled,,,,,,2120.08438131,0.047207734839383085
C-ETH-2040-130326,126199.0,expired,2026-03-13T12:00:00Z,2040,call_options,2026-03-13 12:00:00+00:00,ETH,settled,,,,,,2120.08438131,0.037774148055614604
C-ETH-2060-130326,126198.0,expired,2026-03-13T12:00:00Z,2060,call_options,2026-03-13 12:00:00+00:00,ETH,settled,,,,,,2120.08438131,0.02834056127184612
C-ETH-2080-130326,126197.0,expired,2026-03-13T12:00:00Z,2080,call_options,2026-03-13 12:00:00+00:00,ETH,settled,,,,,,2120.08438131,0.018906974488077634
C-ETH-2120-130326,126196.0,expired,2026-03-13T12:00:00Z,2120,call_options,2026-03-13 12:00:00+00:00,ETH,settled,,,,,,2120.08438131,3.9800920540665896e-05
C-ETH-2140-130326,126195.0,expired,2026-03-13T12:00:00Z,2140,call_options,2026-03-13 12:00:00+00:00,ETH,settled,,,,,,2120.08438131,0.009393785863227819
C-ETH-2160-130326,126194.0,expired,2026-03-13T12:00:00Z,2160,call_options,2026-03-13 12:00:00+00:00,ETH,settled,,,,,,2120.08438131,0.018827372646996302
P-ETH-2020-130326,126192.0,expired,2026-03-13T12:00:00Z,2020,put_options,2026-03-13 12:00:00+00:00,ETH,settled,,,,,,2120.08438131,0.047207734839383085
P-ETH-2040-130326,126191.0,expired,2026-03-13T12:00:00Z,2040,put_options,2026-03-13 12:00:00+00:00,ETH,settled,,,,,,2120.08438131,0.037774148055614604
P-ETH-2060-130326,126190.0,expired,2026-03-13T12:00:00Z,2060,put_options,2026-03-13 12:00:00+00:00,ETH,settled,,,,,,2120.08438131,0.02834056127184612
P-ETH-2080-130326,126189.0,expired,2026-03-13T12:00:00Z,2080,put_options,2026-03-13 12:00:00+00:00,ETH,settled,,,,,,2120.08438131,0.018906974488077634
P-ETH-2120-130326,126188.0,expired,2026-03-13T12:00:00Z,2120,put_options,2026-03-13 12:00:00+00:00,ETH,settled,,,,,,2120.08438131,3.9800920540665896e-05
P-ETH-2140-130326,126187.0,expired,2026-03-13T12:00:00Z,2140,put_options,2026-03-13 12:00:00+00:00,ETH,settled,,,,,,2120.08438131,0.009393785863227819
P-ETH-2160-130326,126186.0,expired,2026-03-13T12:00:00Z,2160,put_options,2026-03-13 12:00:00+00:00,ETH,settled,,,,,,2120.08438131,0.018827372646996302
C-ETH-2250-200326,125348.0,expired,2026-03-20T12:00:00Z,2250,call_options,2026-03-20 12:00:00+00:00,ETH,settled,,,,,,2143.21576381,0.04982430513676755
P-ETH-2250-200326,125347.0,expired,2026-03-20T12:00:00Z,2250,put_options,2026-03-20 12:00:00+00:00,ETH,settled,,,,,,2143.21576381,0.04982430513676755
C-ETH-2140-060326,125149.0,expired,2026-03-06T12:00:00Z,2140,call_options,2026-03-06 12:00:00+00:00,ETH,settled,,,,,,2050.51251889,0.043641519027858434
P-ETH-2140-060326,125148.0,expired,2026-03-06T12:00:00Z,2140,put_options,2026-03-06 12:00:00+00:00,ETH,settled,,,,,,2050.51251889,0.043641519027858434
C-ETH-2120-060326,125132.0,expired,2026-03-06T12:00:00Z,2120,call_options,2026-03-06 12:00:00+00:00,ETH,settled,,,,,,2050.51251889,0.033887859971523306
P-ETH-2120-060326,125131.0,expired,2026-03-06T12:00:00Z,2120,put_options,2026-03-06 12:00:00+00:00,ETH,settled,,,,,,2050.51251889,0.033887859971523306
C-ETH-2080-060326,125092.0,expired,2026-03-06T12:00:00Z,2080,call_options,2026-03-06 12:00:00+00:00,ETH,settled,,,,,,2050.51251889,0.014380541858853055
P-ETH-2080-060326,125091.0,expired,2026-03-06T12:00:00Z,2080,put_options,2026-03-06 12:00:00+00:00,ETH,settled,,,,,,2050.51251889,0.014380541858853055
C-ETH-1960-060326,125070.0,expired,2026-03-06T12:00:00Z,1960,call_options,2026-03-06 12:00:00+00:00,ETH,settled,,,,,,2050.51251889,0.0441414124791577
C-ETH-1980-060326,125069.0,expired,2026-03-06T12:00:00Z,1980,call_options,2026-03-06 12:00:00+00:00,ETH,settled,,,,,,2050.51251889,0.034387753422822576
C-ETH-2020-060326,125068.0,expired,2026-03-06T12:00:00Z,2020,call_options,2026-03-06 12:00:00+00:00,ETH,settled,,,,,,2050.51251889,0.014880435310152321
C-ETH-2040-060326,125067.0,expired,2026-03-06T12:00:00Z,2040,call_options,2026-03-06 12:00:00+00:00,ETH,settled,,,,,,2050.51251889,0.005126776253817196
C-ETH-2060-060326,125066.0,expired,2026-03-06T12:00:00Z,2060,call_options,2026-03-06 12:00:00+00:00,ETH,settled,,,,,,2050.51251889,0.004626882802517929
P-ETH-1960-060326,125062.0,expired,2026-03-06T12:00:00Z,1960,put_options,2026-03-06 12:00:00+00:00,ETH,settled,,,,,,2050.51251889,0.0441414124791577
P-ETH-1980-060326,125061.0,expired,2026-03-06T12:00:00Z,1980,put_options,2026-03-06 12:00:00+00:00,ETH,settled,,,,,,2050.51251889,0.034387753422822576
P-ETH-2020-060326,125060.0,expired,2026-03-06T12:00:00Z,2020,put_options,2026-03-06 12:00:00+00:00,ETH,settled,,,,,,2050.51251889,0.014880435310152321
P-ETH-2040-060326,125059.0,expired,2026-03-06T12:00:00Z,2040,put_options,2026-03-06 12:00:00+00:00,ETH,settled,,,,,,2050.51251889,0.005126776253817196
P-ETH-2060-060326,125058.0,expired,2026-03-06T12:00:00Z,2060,put_options,2026-03-06 12:00:00+00:00,ETH,settled,,,,,,2050.51251889,0.004626882802517929
C-ETH-2150-200326,124708.0,expired,2026-03-20T12:00:00Z,2150,call_options,2026-03-20 12:00:00+00:00,ETH,settled,,,,,,2143.21576381,0.0031654471306889883
P-ETH-2150-200326,124707.0,expired,2026-03-20T12:00:00Z,2150,put_options,2026-03-20 12:00:00+00:00,ETH,settled,,,,,,2143.21576381,0.0031654471306889883
C-ETH-2200-200326,124299.0,expired,2026-03-20T12:00:00Z,2200,call_options,2026-03-20 12:00:00+00:00,ETH,settled,,,,,,2143.21576381,0.02649487613372827
P-ETH-2200-200326,124293.0,expired,2026-03-20T12:00:00Z,2200,put_options,2026-03-20 12:00:00+00:00,ETH,settled,,,,,,2143.21576381,0.02649487613372827
C-ETH-2050-200326,124245.0,expired,2026-03-20T12:00:00Z,2050,call_options,2026-03-20 12:00:00+00:00,ETH,settled,,,,,,2143.21576381,0.04349341087538957
C-ETH-2100-200326,124244.0,expired,2026-03-20T12:00:00Z,2100,call_options,2026-03-20 12:00:00+00:00,ETH,settled,,,,,,2143.21576381,0.02016398187235029
P-ETH-2050-200326,124240.0,expired,2026-03-20T12:00:00Z,2050,put_options,2026-03-20 12:00:00+00:00,ETH,settled,,,,,,2143.21576381,0.04349341087538957
P-ETH-2100-200326,124239.0,expired,2026-03-20T12:00:00Z,2100,put_options,2026-03-20 12:00:00+00:00,ETH,settled,,,,,,2143.21576381,0.02016398187235029
C-ETH-2000-290526,124235.0,expired,2026-05-29T12:00:00Z,2000,call_options,2026-05-29 12:00:00+00:00,ETH,settled,,,,,,2006.54797856,0.003263305253582427
C-ETH-2100-290526,124234.0,expired,2026-05-29T12:00:00Z,2100,call_options,2026-05-29 12:00:00+00:00,ETH,settled,,,,,,2006.54797856,0.046573529483738454
P-ETH-2000-290526,124229.0,expired,2026-05-29T12:00:00Z,2000,put_options,2026-05-29 12:00:00+00:00,ETH,settled,,,,,,2006.54797856,0.003263305253582427
P-ETH-2100-290526,124228.0,expired,2026-05-29T12:00:00Z,2100,put_options,2026-05-29 12:00:00+00:00,ETH,settled,,,,,,2006.54797856,0.046573529483738454
C-ETH-2150-130326,123947.0,expired,2026-03-13T12:00:00Z,2150,call_options,2026-03-13 12:00:00+00:00,ETH,settled,,,,,,2120.08438131,0.01411057925511206
P-ETH-2150-130326,123946.0,expired,2026-03-13T12:00:00Z,2150,put_options,2026-03-13 12:00:00+00:00,ETH,settled,,,,,,2120.08438131,0.01411057925511206
C-ETH-1950-270326,123845.0,expired,2026-03-27T12:00:00Z,1950,call_options,2026-03-27 12:00:00+00:00,ETH,settled,,,,,,1989.92024781,0.02006123001860712
C-ETH-2050-270326,123844.0,expired,2026-03-27T12:00:00Z,2050,call_options,2026-03-27 12:00:00+00:00,ETH,settled,,,,,,1989.92024781,0.030192040236848926
P-ETH-1950-270326,123842.0,expired,2026-03-27T12:00:00Z,1950,put_options,2026-03-27 12:00:00+00:00,ETH,settled,,,,,,1989.92024781,0.02006123001860712
P-ETH-2050-270326,123841.0,expired,2026-03-27T12:00:00Z,2050,put_options,2026-03-27 12:00:00+00:00,ETH,settled,,,,,,1989.92024781,0.030192040236848926
C-ETH-2200-130326,123207.0,expired,2026-03-13T12:00:00Z,2200,call_options,2026-03-13 12:00:00+00:00,ETH,settled,,,,,,2120.08438131,0.03769454621453327
C-ETH-2100-130326,123206.0,expired,2026-03-13T12:00:00Z,2100,call_options,2026-03-13 12:00:00+00:00,ETH,settled,,,,,,2120.08438131,0.00947338770430915
P-ETH-2200-130326,123202.0,expired,2026-03-13T12:00:00Z,2200,put_options,2026-03-13 12:00:00+00:00,ETH,settled,,,,,,2120.08438131,0.03769454621453327
P-ETH-2100-130326,123201.0,expired,2026-03-13T12:00:00Z,2100,put_options,2026-03-13 12:00:00+00:00,ETH,settled,,,,,,2120.08438131,0.00947338770430915
C-ETH-2050-130326,123156.0,expired,2026-03-13T12:00:00Z,2050,call_options,2026-03-13 12:00:00+00:00,ETH,settled,,,,,,2120.08438131,0.03305735466373036
P-ETH-2050-130326,123151.0,expired,2026-03-13T12:00:00Z,2050,put_options,2026-03-13 12:00:00+00:00,ETH,settled,,,,,,2120.08438131,0.03305735466373036
C-ETH-2150-060326,122371.0,expired,2026-03-06T12:00:00Z,2150,call_options,2026-03-06 12:00:00+00:00,ETH,settled,,,,,,2050.51251889,0.04851834855602599
P-ETH-2150-060326,122370.0,expired,2026-03-06T12:00:00Z,2150,put_options,2026-03-06 12:00:00+00:00,ETH,settled,,,,,,2050.51251889,0.04851834855602599
C-ETH-1950-060326,122264.0,expired,2026-03-06T12:00:00Z,1950,call_options,2026-03-06 12:00:00+00:00,ETH,settled,,,,,,2050.51251889,0.04901824200732526
C-ETH-2000-060326,122263.0,expired,2026-03-06T12:00:00Z,2000,call_options,2026-03-06 12:00:00+00:00,ETH,settled,,,,,,2050.51251889,0.024634094366487447
C-ETH-2050-060326,122262.0,expired,2026-03-06T12:00:00Z,2050,call_options,2026-03-06 12:00:00+00:00,ETH,settled,,,,,,2050.51251889,0.0002499467256496334
C-ETH-2100-060326,122261.0,expired,2026-03-06T12:00:00Z,2100,call_options,2026-03-06 12:00:00+00:00,ETH,settled,,,,,,2050.51251889,0.02413420091518818
P-ETH-1950-060326,122259.0,expired,2026-03-06T12:00:00Z,1950,put_options,2026-03-06 12:00:00+00:00,ETH,settled,,,,,,2050.51251889,0.04901824200732526
P-ETH-2000-060326,122258.0,expired,2026-03-06T12:00:00Z,2000,put_options,2026-03-06 12:00:00+00:00,ETH,settled,,,,,,2050.51251889,0.024634094366487447
P-ETH-2050-060326,122257.0,expired,2026-03-06T12:00:00Z,2050,put_options,2026-03-06 12:00:00+00:00,ETH,settled,,,,,,2050.51251889,0.0002499467256496334
P-ETH-2100-060326,122256.0,expired,2026-03-06T12:00:00Z,2100,put_options,2026-03-06 12:00:00+00:00,ETH,settled,,,,,,2050.51251889,0.02413420091518818
P-ETH-1900-270326,119881.0,expired,2026-03-27T12:00:00Z,1900,put_options,2026-03-27 12:00:00+00:00,ETH,settled,,,,,,1989.92024781,0.04518786514633514
C-ETH-1900-270326,119825.0,expired,2026-03-27T12:00:00Z,1900,call_options,2026-03-27 12:00:00+00:00,ETH,settled,,,,,,1989.92024781,0.04518786514633514
P-ETH-2000-270326,119745.0,expired,2026-03-27T12:00:00Z,2000,put_options,2026-03-27 12:00:00+00:00,ETH,settled,,,,,,1989.92024781,0.0050654051091209035
C-ETH-2000-270326,119638.0,expired,2026-03-27T12:00:00Z,2000,call_options,2026-03-27 12:00:00+00:00,ETH,settled,,,,,,1989.92024781,0.0050654051091209035
C-ETH-2300-240426,119424.0,expired,2026-04-24T12:00:00Z,2300,call_options,2026-04-24 12:00:00+00:00,ETH,settled,,,,,,2327.08072696,0.01163720993700855
C-ETH-2400-240426,119423.0,expired,2026-04-24T12:00:00Z,2400,call_options,2026-04-24 12:00:00+00:00,ETH,settled,,,,,,2327.08072696,0.03133508528312151
P-ETH-2300-240426,119421.0,expired,2026-04-24T12:00:00Z,2300,put_options,2026-04-24 12:00:00+00:00,ETH,settled,,,,,,2327.08072696,0.01163720993700855
P-ETH-2400-240426,119420.0,expired,2026-04-24T12:00:00Z,2400,put_options,2026-04-24 12:00:00+00:00,ETH,settled,,,,,,2327.08072696,0.03133508528312151
