entry_t,entry_px,side,expiry,notional,size_mult,pred_pct,n_strikes,peak_ret,exit_t,exit_px,ret,pnl_pct,pnl_usd,exit_reason,equity_after,tp_taken,pyramided
2026-03-10 13:00:00+00:00,2050.61923591164,-1,2026-03-13 12:00:00+00:00,16363.225888432731,1.636322588843273,-0.008181612944216366,9,0.008734803637827405,2026-03-10 15:00:00+00:00,2080.0191442647238,-0.014337087957732749,-0.01533708795773275,-250.96423472314243,trail,9749.035765276858,,
2026-03-10 18:00:00+00:00,2070.94400679431,-1,2026-03-13 12:00:00+00:00,14536.423591356215,2.982125400161234,-0.01491062700080617,10,0.01534173903788496,2026-03-10 19:00:00+00:00,2039.579958704856,0.015144807385692542,0.014144807385692543,205.61491177657072,partial_tp,9954.650677053429,True,
2026-03-10 18:00:00+00:00,2070.94400679431,-1,2026-03-13 12:00:00+00:00,14536.423591356215,2.982125400161234,-0.01491062700080617,10,0.016567036202692356,2026-03-10 21:00:00+00:00,2042.3822189648401,0.013791675552677924,0.012791675552677923,185.94521427692192,trail,10140.595891330351,True,
2026-03-11 05:00:00+00:00,2037.6920958068501,-1,2026-03-13 12:00:00+00:00,11408.149469543874,2.249995876336461,-0.011249979381682304,8,0.011613694559422417,2026-03-11 06:00:00+00:00,2014.42976759244,0.01141601729833437,0.01041601729833437,118.82748221675307,partial_tp,10259.423373547104,True,
2026-03-11 05:00:00+00:00,2037.6920958068501,-1,2026-03-13 12:00:00+00:00,11408.149469543874,2.249995876336461,-0.011249979381682304,8,0.011613694559422417,2026-03-11 07:00:00+00:00,2024.728694235894,0.006361805886979784,0.005361805886979784,61.16828298534564,trail,10320.59165653245,True,
2026-03-11 08:00:00+00:00,2012.56261408641,1,2026-03-13 12:00:00+00:00,12615.514043409617,1.2223634519465354,0.006111817259732677,6,0.006813236456652822,2026-03-11 12:00:00+00:00,2018.284393963682,0.0028430319818246,0.0018430319818246,23.250795849161303,trail,10343.84245238161,,
2026-03-11 13:00:00+00:00,2023.400609111982,1,2026-03-13 12:00:00+00:00,14493.268556431542,2.802298782710974,0.01401149391355487,7,0.01903558828862954,2026-03-11 14:00:00+00:00,2061.50484660399,0.01883178117097174,0.017831781170971738,258.4407933504127,partial_tp,10602.283245732024,True,
2026-03-11 13:00:00+00:00,2023.400609111982,1,2026-03-13 12:00:00+00:00,14493.268556431542,2.802298782710974,0.01401149391355487,7,0.01979743069544622,2026-03-11 16:00:00+00:00,2049.414433690286,0.012856487470229981,0.011856487470229982,171.83925704200877,trail,10774.122502774033,True,
2026-03-11 16:00:00+00:00,2050.2343634497142,1,2026-03-13 12:00:00+00:00,9396.172080885955,1.7442111092512094,0.008721055546256047,9,0.012554121264935537,2026-03-11 19:00:00+00:00,2075.5580596191458,0.012351610440682493,0.011351610440682492,106.66168509583434,partial_tp,10880.784187869867,True,
2026-03-11 16:00:00+00:00,2050.2343634497142,1,2026-03-13 12:00:00+00:00,9396.172080885955,1.7442111092512094,0.008721055546256047,9,0.012554121264935537,2026-03-11 21:00:00+00:00,2067.490574788876,0.008416701839943128,0.007416701839943128,69.68860676072912,trail,10950.472794630596,True,
2026-03-12 02:00:00+00:00,2043.123329632792,-1,2026-03-13 12:00:00+00:00,9891.220024341143,1.8065375276200235,-0.009032687638100117,8,0.010176557435976768,2026-03-12 04:00:00+00:00,2022.7358339935438,0.00997859274746401,0.008978592747464011,88.80923637412019,partial_tp,11039.282031004715,True,
2026-03-12 02:00:00+00:00,2043.123329632792,-1,2026-03-13 12:00:00+00:00,9891.220024341143,1.8065375276200235,-0.009032687638100117,8,0.010449138484767381,2026-03-12 07:00:00+00:00,2030.4374361359698,0.006209068886263594,0.005209068886263594,51.52404647598287,trail,11090.806077480698,True,
2026-03-12 15:00:00+00:00,2043.667754050446,1,2026-03-13 12:00:00+00:00,15911.287149253945,2.8692751524275555,0.014346375762137778,8,0.012760905581578183,2026-03-12 16:00:00+00:00,2069.3328559389397,0.01255835340046183,0.01155835340046183,183.90827992730397,partial_tp,11274.714357408002,True,
2026-03-12 15:00:00+00:00,2043.667754050446,1,2026-03-13 12:00:00+00:00,15911.287149253945,2.8692751524275555,0.014346375762137778,8,0.012760905581578183,2026-03-12 18:00:00+00:00,2057.8593313029,0.006944170462310699,0.005944170462310699,94.5794030899391,trail,11369.293760497942,True,
2026-03-13 00:00:00+00:00,2072.927060431584,1,2026-03-13 12:00:00+00:00,17053.940640746914,3.0,0.02254183097538722,10,0.02373030050954836,2026-03-13 01:00:00+00:00,2121.693818861498,0.02352555444944648,0.02252555444944648,384.1494684807728,partial_tp,11753.443228978715,True,
2026-03-13 00:00:00+00:00,2072.927060431584,1,2026-03-13 12:00:00+00:00,17053.940640746914,3.0,0.02254183097538722,10,0.023766135663335346,2026-03-13 03:00:00+00:00,2104.742224618546,0.015347941948492037,0.014347941948492038,244.68895030646584,trail,11998.132179285181,True,
2026-03-13 03:00:00+00:00,2105.584289921454,1,2026-03-13 12:00:00+00:00,15565.900118479158,1.2973602795736607,0.006486801397868304,12,0.0058473679289301654,2026-03-13 05:00:00+00:00,2110.284389383862,0.002232206748932142,0.001232206748932142,19.180407179193647,trail,12017.312586464375,,
2026-03-17 14:00:00+00:00,2326.342344893892,1,2026-03-20 12:00:00+00:00,19216.356481989056,1.5990560571448629,0.007995280285724314,3,0.00897579960315784,2026-03-17 16:00:00+00:00,2315.971991024384,-0.004457793536824055,-0.005457793536824055,-104.8789062087069,trail,11912.433680255668,,
2026-03-18 11:00:00+00:00,2309.969123767998,-1,2026-03-20 12:00:00+00:00,17868.650520383504,3.0,-0.017616569246319998,4,0.01764272062715735,2026-03-18 12:00:00+00:00,2269.668826856772,0.01744624917128279,0.01644624917128279,293.872278812799,partial_tp,12206.305959068468,True,
2026-03-18 11:00:00+00:00,2309.969123767998,-1,2026-03-20 12:00:00+00:00,17868.650520383504,3.0,-0.017616569246319998,4,0.056773980963032836,2026-03-18 16:00:00+00:00,2185.370931148872,0.05393933249457589,0.052939332494575886,945.9544311279587,trail,13152.260390196427,True,
2026-03-18 17:00:00+00:00,2180.046900535668,1,2026-03-20 12:00:00+00:00,15002.985006422015,2.2814306531834028,0.011407153265917014,11,0.013994769028517422,2026-03-18 18:00:00+00:00,2210.114042149324,0.013791970074711769,0.012791970074711768,191.91773523349977,partial_tp,13344.178125429926,True,
2026-03-18 17:00:00+00:00,2180.046900535668,1,2026-03-20 12:00:00+00:00,15002.985006422015,2.2814306531834028,0.011407153265917014,11,0.013994769028517422,2026-03-18 19:00:00+00:00,2183.640719962906,0.0016485055557084482,0.0006485055557084482,9.729519128875225,trail,13353.907644558802,True,
2026-03-18 21:00:00+00:00,2187.6257272979283,1,2026-03-20 12:00:00+00:00,19415.173703568347,1.4538945618273222,0.007269472809136611,11,0.005581582429620494,2026-03-18 23:00:00+00:00,2191.167586658432,0.001619042652638023,0.000619042652638023,12.018820630884939,trail,13365.926465189686,,
2026-03-19 03:00:00+00:00,2197.607332369758,1,2026-03-20 12:00:00+00:00,18640.630541089246,1.3946381187744101,0.006973190593872051,10,0.0053529279762444424,2026-03-19 05:00:00+00:00,2193.658563943316,-0.0017968489494361603,-0.00279684894943616,-52.13502794567306,trail,13313.791437244014,,
2026-03-19 10:00:00+00:00,2187.8063458710662,-1,2026-03-20 12:00:00+00:00,13785.591500170398,1.3805825901309694,-0.006902912950654847,11,0.02593830175973468,2026-03-19 13:00:00+00:00,2131.484576352936,0.025743489420086623,0.024743489420086622,341.1036374341023,partial_tp,13654.895074678116,True,True
2026-03-19 10:00:00+00:00,2187.8063458710662,-1,2026-03-20 12:00:00+00:00,13785.591500170398,1.3805825901309694,-0.006902912950654847,11,0.02593830175973468,2026-03-19 14:00:00+00:00,2145.6158542333737,0.019284381232971756,0.018284381232971755,252.06101051113058,trail,13906.956085189246,True,True
2026-03-19 14:00:00+00:00,2144.757779506626,-1,2026-03-20 12:00:00+00:00,15147.588128427195,2.1784189200912496,-0.010892094600456249,14,0.011408967325090924,2026-03-19 15:00:00+00:00,2120.712365741616,0.011211249118556067,0.010211249118556066,154.67579592465253,partial_tp,14061.631881113899,True,
2026-03-19 14:00:00+00:00,2144.757779506626,-1,2026-03-20 12:00:00+00:00,15147.588128427195,2.1784189200912496,-0.010892094600456249,14,0.014102425320766854,2026-03-19 18:00:00+00:00,2126.91215847222,0.008320576432883168,0.007320576432883168,110.88907666798498,trail,14172.520957781884,True,
2026-03-19 19:00:00+00:00,2127.406898290398,1,2026-03-20 12:00:00+00:00,9546.395773472444,1.3471697522141515,0.006735848761070758,12,0.010536298480377633,2026-03-19 22:00:00+00:00,2149.391927981528,0.010334191220681533,0.009334191220681534,89.1078836178978,partial_tp,14261.628841399783,True,
2026-03-19 19:00:00+00:00,2127.406898290398,1,2026-03-20 12:00:00+00:00,9546.395773472444,1.3471697522141515,0.006735848761070758,12,0.010536298480377633,2026-03-19 23:00:00+00:00,2141.428926800348,0.006591136148528109,0.005591136148528109,53.375198497217745,trail,14315.004039897,True,
2026-03-24 17:00:00+00:00,2127.727120509788,-1,2026-03-27 12:00:00+00:00,24246.907000002975,1.6938106990696622,-0.008469053495348312,4,0.007831398650309853,2026-03-24 19:00:00+00:00,2121.784837022982,0.0027927845772733593,0.0017927845772733593,43.46948091618679,trail,14358.473520813186,,
2026-03-24 20:00:00+00:00,2117.551039362768,1,2026-03-27 12:00:00+00:00,21537.710281219777,3.0,0.015219566189284633,5,0.014703573093851728,2026-03-24 21:00:00+00:00,2148.25686852883,0.014500632379233054,0.013500632379233053,290.77270879717634,partial_tp,14649.246229610362,True,
2026-03-24 20:00:00+00:00,2117.551039362768,1,2026-03-27 12:00:00+00:00,21537.710281219777,3.0,0.015219566189284633,5,0.020269861745645868,2026-03-25 02:00:00+00:00,2154.1032670052323,0.01726155684703783,0.01626155684703783,350.2367000930865,trail,14999.482929703448,True,
2026-03-26 05:00:00+00:00,2149.23867087908,-1,2026-03-27 12:00:00+00:00,20707.57523946117,2.7611052109608387,-0.013805526054804194,3,0.014860839576284061,2026-03-26 06:00:00+00:00,2117.722639615956,0.01466381174419942,0.013663811744199419,282.9444097508426,partial_tp,15282.42733945429,True,
2026-03-26 05:00:00+00:00,2149.23867087908,-1,2026-03-27 12:00:00+00:00,20707.57523946117,2.7611052109608387,-0.013805526054804194,3,0.014860839576284061,2026-03-26 08:00:00+00:00,2123.520074050992,0.01196637543170969,0.01096637543170969,227.08704435630685,trail,15509.514383810598,True,
2026-03-26 09:00:00+00:00,2116.4881166202163,-1,2026-03-27 12:00:00+00:00,23264.271575715895,3.0,-0.01604272307903574,5,0.017588954569545723,2026-03-26 10:00:00+00:00,2079.677155550658,0.017392472360459592,0.01639247236045959,381.3589287911485,partial_tp,15890.873312601747,True,
2026-03-26 09:00:00+00:00,2116.4881166202163,-1,2026-03-27 12:00:00+00:00,23264.271575715895,3.0,-0.01604272307903574,5,0.023567022223525448,2026-03-26 13:00:00+00:00,2073.21514766751,0.020445647019180172,0.01944564701918017,452.3888132197178,trail,16343.262125821464,True,
2026-03-26 17:00:00+00:00,2061.61341893518,-1,2026-03-27 12:00:00+00:00,19738.900654876565,1.2077699361922476,-0.006038849680961238,7,0.007860400173156656,2026-03-26 21:00:00+00:00,2061.129932247738,0.00023451859742542306,-0.0007654814025745769,-15.109761358575147,trail,16328.152364462889,,
2026-03-28 13:00:00+00:00,1999.514508557124,1,2026-03-31 12:00:00+00:00,23056.9774069303,2.8241991980810077,0.01412099599040504,7,0.011692527457451106,2026-03-28 14:00:00+00:00,2022.48930807263,0.0114901889519596,0.010490188951959599,241.8720496597623,partial_tp,16570.02441412265,True,
2026-03-28 13:00:00+00:00,1999.514508557124,1,2026-03-31 12:00:00+00:00,23056.9774069303,2.8241991980810077,0.01412099599040504,7,0.013280981497873157,2026-03-28 18:00:00+00:00,2019.6934007059622,0.010091895838955233,0.009091895838955234,209.63163694495444,trail,16779.656051067606,True,
2026-03-28 23:00:00+00:00,2009.635750878314,-1,2026-03-31 12:00:00+00:00,24671.090315313966,1.470297736749155,-0.007351488683745775,8,0.007780974533061434,2026-03-29 02:00:00+00:00,2005.1113428701578,0.002251357245301153,0.001251357245301153,30.872347615547238,trail,16810.528398683153,,
2026-03-29 13:00:00+00:00,2000.635603867794,-1,2026-03-31 12:00:00+00:00,22396.575289300603,1.3322945453073938,-0.006661472726536969,8,0.006650227323792685,2026-03-29 15:00:00+00:00,1996.545179760114,0.0020445622879909356,0.0010445622879909355,23.394617927353085,trail,16833.923016610504,,
2026-03-30 00:00:00+00:00,1985.91645662055,1,2026-03-31 12:00:00+00:00,10266.695336479013,1.2197626573851594,0.006098813286925797,7,0.013546431084633548,2026-03-30 02:00:00+00:00,2012.4159733325919,0.013343721798416605,0.012343721798416606,126.7292310225981,partial_tp,16960.6522476331,True,
2026-03-30 00:00:00+00:00,1985.91645662055,1,2026-03-31 12:00:00+00:00,15400.04300471852,1.2197626573851594,0.006098813286925797,7,0.032172150160925915,2026-03-30 07:00:00+00:00,2042.135419074428,0.02830882551300586,0.02730882551300586,420.5570873086445,trail,17381.209334941745,True,True
2026-03-30 11:00:00+00:00,2058.6618828765663,1,2026-03-31 12:00:00+00:00,22669.10803430221,1.3042307699919427,0.006521153849959714,10,0.007536212436087479,2026-03-30 14:00:00+00:00,2059.211036417798,0.00026675266385379326,-0.0007332473361462068,-16.62206307896267,trail,17364.587271862783,,
2026-03-30 17:00:00+00:00,2068.0354234773404,-1,2026-03-31 12:00:00+00:00,22220.536270818237,2.5592933391309485,-0.012796466695654743,9,0.013458677719620503,2026-03-30 18:00:00+00:00,2040.61044168024,0.013261369455164398,0.012261369455164397,272.4542047083833,partial_tp,17637.04147657117,True,
2026-03-30 17:00:00+00:00,2068.0354234773404,-1,2026-03-31 12:00:00+00:00,22220.536270818237,2.5592933391309485,-0.012796466695654743,9,0.02199883291691543,2026-03-30 22:00:00+00:00,2037.5838180165479,0.014724895480556631,0.01372489548055663,304.9745378388979,trail,17942.016014410066,True,
2026-03-31 01:00:00+00:00,2037.7474199904,1,2026-03-31 12:00:00+00:00,26913.0240216151,3.0,0.017581515473074093,9,0.017296076365424077,2026-03-31 02:00:00+00:00,2072.577856489004,0.017092617150150983,0.016092617150150982,433.1009919326685,partial_tp,18375.117006342734,True,
2026-03-31 01:00:00+00:00,2037.7474199904,1,2026-03-31 12:00:00+00:00,26913.0240216151,3.0,0.017581515473074093,9,0.017296076365424077,2026-03-31 04:00:00+00:00,2067.142079601856,0.014425075121230944,0.013425075121230944,361.3093692296756,trail,18736.42637557241,True,
2026-03-31 13:00:00+00:00,2049.81511279635,1,2026-04-03 12:00:00+00:00,24262.190706951715,2.589841864250433,0.012949209321252165,12,0.014790653432294229,2026-03-31 14:00:00+00:00,2079.717191086454,0.014587695301607749,0.01358769530160775,329.66725467555904,partial_tp,19066.093630247968,True,
2026-03-31 13:00:00+00:00,2049.81511279635,1,2026-04-03 12:00:00+00:00,24262.190706951715,2.589841864250433,0.012949209321252165,12,0.014790653432294229,2026-03-31 15:00:00+00:00,2047.289352801484,-0.001232189176037681,-0.002232189176037681,-54.15779948301962,trail,19011.93583076495,True,
2026-03-31 16:00:00+00:00,2057.755454777196,1,2026-04-03 12:00:00+00:00,28517.90374614742,3.0,0.01713994988699124,13,0.01653177704562912,2026-03-31 17:00:00+00:00,2091.3554544081658,0.016328470690219966,0.015328470690219965,437.1358517193349,partial_tp,19449.071682484286,True,
2026-03-31 16:00:00+00:00,2057.755454777196,1,2026-04-03 12:00:00+00:00,28517.90374614742,3.0,0.01713994988699124,13,0.022996401434847706,2026-03-31 23:00:00+00:00,2094.0981215050183,0.017661314731763033,0.016661314731763032,475.1457698046862,trail,19924.217452288973,True,
2026-04-01 05:00:00+00:00,2110.237325232432,1,2026-04-03 12:00:00+00:00,19202.79719357137,1.2850557193897236,0.0064252785969486186,10,0.02020566521960822,2026-04-01 07:00:00+00:00,2152.445498945168,0.020001624086564272,0.01900162408656427,364.8843336827745,partial_tp,20289.101785971747,True,True
2026-04-01 05:00:00+00:00,2110.237325232432,1,2026-04-03 12:00:00+00:00,19202.79719357137,1.2850557193897236,0.0064252785969486186,10,0.02020566521960822,2026-04-01 08:00:00+00:00,2131.819926954754,0.010227570834927256,0.009227570834927257,177.19517133242215,trail,20466.29695730417,True,True
2026-04-01 16:00:00+00:00,2133.916620444492,1,2026-04-03 12:00:00+00:00,25196.38885486238,1.2311161568419489,0.006155580784209744,9,0.005642815731478833,2026-04-01 18:00:00+00:00,2134.415869952296,0.00023395923862295004,-0.00076604076137705,-19.301460902330994,trail,20446.99549640184,,
2026-04-01 21:00:00+00:00,2143.81385813622,1,2026-04-03 12:00:00+00:00,26273.66777529392,1.284964716694804,0.00642482358347402,9,0.006093703123617839,2026-04-01 23:00:00+00:00,2138.6558848196883,-0.0024059800233850385,-0.0034059800233850386,-89.48758758370633,trail,20357.507908818134,,
2026-04-02 00:00:00+00:00,2138.603208884754,1,2026-04-03 12:00:00+00:00,34951.158696607905,1.716868236188592,0.00858434118094296,9,0.004185199001881867,2026-04-02 02:00:00+00:00,2095.3993582856024,-0.020201901137930994,-0.021201901137930995,-741.031011341618,stop_loss,19616.476897476517,,
2026-04-07 17:00:00+00:00,2083.202790116574,1,2026-04-10 12:00:00+00:00,32818.54681812223,1.6730092253387274,0.008365046126693637,5,0.00827294602099768,2026-04-07 19:00:00+00:00,2085.328458538468,0.001020384780578808,2.0384780578807998e-05,0.6689988758027591,trail,19617.145896352322,,
2026-04-07 19:00:00+00:00,2086.162756781532,1,2026-04-10 12:00:00+00:00,26751.851538727762,2.727394869780939,0.013636974348904696,5,0.01485236559216002,2026-04-07 20:00:00+00:00,2116.723779288254,0.014649395119041557,0.013649395119041556,365.14659181803506,partial_tp,19982.29248817036,True,
2026-04-07 19:00:00+00:00,2086.162756781532,1,2026-04-10 12:00:00+00:00,40127.777308091645,2.727394869780939,0.013636974348904696,5,0.07554430966910979,2026-04-08 01:00:00+00:00,2235.4373788888397,0.0715546385928219,0.0705546385928219,2831.2008255056458,trail,22813.493313676005,True,True
2026-04-08 14:00:00+00:00,2235.9633820771583,-1,2026-04-10 12:00:00+00:00,34220.239970514005,3.0,-0.01810143906387619,12,0.01855359765714027,2026-04-08 15:00:00+00:00,2194.917112753422,0.018357308376671787,0.017357308376671786,593.9712578919214,partial_tp,23407.464571567925,True,
2026-04-08 14:00:00+00:00,2235.9633820771583,-1,2026-04-10 12:00:00+00:00,34220.239970514005,3.0,-0.01810143906387619,12,0.01855359765714027,2026-04-08 16:00:00+00:00,2215.1646149441217,0.009301926543052324,0.008301926543052323,284.09391852083024,trail,23691.558490088755,True,
2026-04-08 19:00:00+00:00,2199.228516241698,1,2026-04-10 12:00:00+00:00,28874.089038796035,1.2187500898632466,0.006093750449316233,12,0.006483942483917448,2026-04-08 23:00:00+00:00,2182.797172666114,-0.007471412567741596,-0.008471412567741596,-244.60432076534659,trail,23446.95416932341,,
2026-04-09 13:00:00+00:00,2181.069789871782,-1,2026-04-10 12:00:00+00:00,34257.67036395707,1.461071238360578,-0.007305356191802889,11,0.007871896053721128,2026-04-09 15:00:00+00:00,2178.07825149459,0.0013715922301450476,0.00037159223014504757,12.72988413011671,trail,23459.684053453526,,
2026-04-09 15:00:00+00:00,2178.07825149459,1,2026-04-10 12:00:00+00:00,35189.52608018029,3.0,0.01870413027846136,11,0.020476891344379085,2026-04-09 16:00:00+00:00,2222.233987485362,0.020272795966110244,0.019272795966110243,678.2005562874298,partial_tp,24137.884609740955,True,
2026-04-09 15:00:00+00:00,2178.07825149459,1,2026-04-10 12:00:00+00:00,35189.52608018029,3.0,0.01870413027846136,11,0.020476891344379085,2026-04-09 17:00:00+00:00,2208.992464509724,0.014193343601829172,0.013193343601829173,464.2675087613474,trail,24602.1521185023,True,
2026-04-09 17:00:00+00:00,2209.876238250276,1,2026-04-10 12:00:00+00:00,30836.19882265926,1.2533943646120527,0.006266971823060264,12,0.004543852970551153,2026-04-10 12:00:00+00:00,2215.533439363062,0.002559962867995358,0.0015599628679953581,48.10332515347062,expiry,24650.255443655773,,
2026-04-14 13:00:00+00:00,2375.01269245698,1,2026-04-17 12:00:00+00:00,37163.39517915182,1.5076271831786048,0.007538135915893024,12,0.00540681029781591,2026-04-14 15:00:00+00:00,2348.1445699914298,-0.011312833211747926,-0.012312833211747927,-457.5866864231733,trail,24192.6687572326,,
2026-04-14 15:00:00+00:00,2349.08401570857,1,2026-04-17 12:00:00+00:00,35153.570233709004,1.4530670669890253,0.007265335334945127,14,0.006116779695976849,2026-04-14 17:00:00+00:00,2330.2495738466023,-0.008017781286671648,-0.009017781286671647,-317.0072078132385,trail,23875.66154941936,,
2026-04-14 18:00:00+00:00,2339.273881304066,-1,2026-04-17 12:00:00+00:00,25573.076894762235,2.142187921522464,-0.01071093960761232,14,0.010726189060033671,2026-04-14 19:00:00+00:00,2314.645223867478,0.010528334297845656,0.009528334297845657,243.66882567780732,partial_tp,24119.330375097168,True,
2026-04-14 18:00:00+00:00,2339.273881304066,-1,2026-04-17 12:00:00+00:00,25573.076894762235,2.142187921522464,-0.01071093960761232,14,0.011617587479289052,2026-04-14 22:00:00+00:00,2322.0351544780624,0.007369264011272412,0.006369264011272412,162.88167832331115,trail,24282.21205342048,True,
2026-04-15 19:00:00+00:00,2357.597104005774,1,2026-04-17 12:00:00+00:00,37581.36854387154,1.547691308402757,0.007738456542013785,15,0.005486607424249086,2026-04-15 21:00:00+00:00,2361.61296847289,0.0017033718188288688,0.0007033718188288688,26.43367554678096,trail,24308.64572896726,,
2026-04-16 15:00:00+00:00,2310.984258010716,1,2026-04-17 12:00:00+00:00,30199.218074219087,2.4846483354876785,0.012423241677438393,12,0.012327671562681676,2026-04-16 16:00:00+00:00,2339.005418267414,0.012125206028369192,0.011125206028369191,335.97252297133804,partial_tp,24644.6182519386,True,
2026-04-16 15:00:00+00:00,2310.984258010716,1,2026-04-17 12:00:00+00:00,30199.218074219087,2.4846483354876785,0.012423241677438393,12,0.012327671562681676,2026-04-16 17:00:00+00:00,2314.8758883687683,0.0016839709507160908,0.0006839709507160908,20.65538789710618,trail,24665.273639835705,True,
2026-04-16 18:00:00+00:00,2328.920558943594,1,2026-04-17 12:00:00+00:00,15943.045090621254,1.2927523386460553,0.006463761693230277,13,0.013649643747756358,2026-04-16 20:00:00+00:00,2360.237352991022,0.013446913819006827,0.012446913819006828,198.44170825550265,partial_tp,24863.715348091206,True,
2026-04-16 18:00:00+00:00,2328.920558943594,1,2026-04-17 12:00:00+00:00,15943.045090621254,1.2927523386460553,0.006463761693230277,13,0.013649643747756358,2026-04-16 21:00:00+00:00,2349.399442896644,0.00879329433303599,0.0077932943330359895,124.24884295607588,trail,24987.964191047282,True,
2026-04-21 20:00:00+00:00,2296.765090225812,1,2026-04-24 12:00:00+00:00,41991.301655893345,1.680461094583209,0.008402305472916045,12,0.008708024686243182,2026-04-21 23:00:00+00:00,2310.50777860548,0.005983497588913971,0.004983497588913971,209.26355055750375,trail,25197.227741604787,,
2026-04-21 23:00:00+00:00,2311.43216659452,1,2026-04-24 12:00:00+00:00,28008.414093943396,1.4820897167030735,0.007410448583515368,13,0.024164430422274407,2026-04-22 03:00:00+00:00,2366.813151038328,0.02395959753618997,0.02295959753618997,643.0619152238912,partial_tp,25840.289656828678,True,True
2026-04-21 23:00:00+00:00,2311.43216659452,1,2026-04-24 12:00:00+00:00,28008.414093943396,1.4820897167030735,0.007410448583515368,13,0.04502694439388128,2026-04-22 15:00:00+00:00,2397.43903682589,0.03720934210156201,0.03620934210156201,1014.1662476498074,trail,26854.455904478484,True,True
2026-04-22 16:00:00+00:00,2404.0830123649703,-1,2026-04-24 12:00:00+00:00,39435.39889707495,1.4684862369711373,-0.007342431184855687,9,0.007113506416796669,2026-04-22 18:00:00+00:00,2401.7689107706083,0.0009625714180666115,-3.742858193338857e-05,-1.476011058695031,trail,26852.97989341979,,
2026-04-22 23:00:00+00:00,2396.790283622486,-1,2026-04-24 12:00:00+00:00,25328.017102507503,1.8864213359586233,-0.009432106679793117,10,0.011151445816982459,2026-04-23 01:00:00+00:00,2370.536619161328,0.010953676106145876,0.009953676106145875,252.106878649283,partial_tp,27105.086772069073,True,
2026-04-22 23:00:00+00:00,2396.790283622486,-1,2026-04-24 12:00:00+00:00,25328.017102507503,1.8864213359586233,-0.009432106679793117,10,0.02454310392713163,2026-04-23 05:00:00+00:00,2348.277683094294,0.020240653034887462,0.01924065303488746,487.3275891310425,trail,27592.414361200117,True,
2026-04-23 09:00:00+00:00,2337.125512473784,-1,2026-04-24 12:00:00+00:00,49360.09671194122,1.7889009662507234,-0.008944504831253617,13,0.009498125793974936,2026-04-23 12:00:00+00:00,2328.9073332889916,0.0035163619330370243,0.0025163619330370243,124.20786837695489,trail,27716.62222957707,,
2026-04-23 14:00:00+00:00,2317.254294047172,1,2026-04-24 12:00:00+00:00,42300.45576282579,1.5261764371015585,0.007630882185507793,13,0.006379023152875824,2026-04-23 18:00:00+00:00,2310.43961049183,-0.0029408440725941947,-0.003940844072594195,-166.69950036096498,trail,27549.922729216105,,
2026-04-27 15:00:00+00:00,2310.95501449041,-1,2026-04-30 12:00:00+00:00,41324.884093824156,3.0,-0.015418855708836618,9,0.017337914303470557,2026-04-27 16:00:00+00:00,2271.342052064898,0.017141381886331235,0.016141381886331234,667.040735566791,partial_tp,28216.963464782897,True,
2026-04-27 15:00:00+00:00,2310.95501449041,-1,2026-04-30 12:00:00+00:00,41324.884093824156,3.0,-0.015418855708836618,9,0.017337914303470557,2026-04-27 17:00:00+00:00,2279.227607000526,0.013729132454307165,0.012729132454307165,526.029923289179,trail,28742.993388072075,True,
2026-04-29 03:00:00+00:00,2288.293800416634,1,2026-05-01 12:00:00+00:00,30712.24437951447,2.1370247673827603,0.010685123836913802,13,0.016303238503103792,2026-04-29 05:00:00+00:00,2325.1352799299984,0.01609997785540329,0.01509997785540329,463.7542100204027,partial_tp,29206.747598092476,True,
2026-04-29 04:00:00+00:00,2309.613293482638,1,2026-04-30 12:00:00+00:00,23025.89754708667,1.6021920358957522,0.008010960179478761,9,0.012763776936402516,2026-04-29 10:00:00+00:00,2338.624863833526,0.012561224181015162,0.011561224181015163,266.20756351095616,partial_tp,29472.955161603433,True,
2026-04-29 03:00:00+00:00,2288.293800416634,1,2026-05-01 12:00:00+00:00,30712.24437951447,2.1370247673827603,0.010685123836913802,13,0.02219945792979779,2026-04-29 11:00:00+00:00,2331.90076210289,0.019056539714575285,0.018056539714575284,554.5568603624446,trail,30027.51202196588,True,
2026-04-29 04:00:00+00:00,2309.613293482638,1,2026-04-30 12:00:00+00:00,23025.89754708667,1.6021920358957522,0.008010960179478761,9,0.012763776936402516,2026-04-29 11:00:00+00:00,2331.90076210289,0.009649870254533035,0.008649870254533034,199.17102627647014,trail,30226.68304824235,True,
2026-04-29 15:00:00+00:00,2299.463689055242,-1,2026-04-30 12:00:00+00:00,36123.05402538077,2.390143435039015,-0.011950717175195075,9,0.013272005094275079,2026-04-29 16:00:00+00:00,2269.3989842990522,0.013074659495293923,0.012074659495293922,436.17357728657925,partial_tp,30662.85662552893,True,
2026-04-29 15:00:00+00:00,2299.463689055242,-1,2026-04-30 12:00:00+00:00,36123.05402538077,2.390143435039015,-0.011950717175195075,9,0.013826020683242127,2026-04-29 18:00:00+00:00,2278.827149955132,0.008974500966609617,0.007974500966609618,288.0633292422904,trail,30950.91995477122,True,
2026-04-29 18:00:00+00:00,2277.9158013648685,-1,2026-04-30 12:00:00+00:00,46426.37993215683,3.0,-0.016994542289809806,10,0.017036045744806032,2026-04-29 19:00:00+00:00,2239.556945394714,0.016839452953954958,0.015839452953954957,735.3684607578366,partial_tp,31686.288415529056,True,
2026-04-29 18:00:00+00:00,2277.9158013648685,-1,2026-04-30 12:00:00+00:00,46426.37993215683,3.0,-0.016994542289809806,10,0.01855808227395363,2026-04-29 22:00:00+00:00,2250.6859485802797,0.011953845163316969,0.010953845163316968,508.54737727017203,trail,32194.83579279923,True,
2026-04-29 21:00:00+00:00,2239.739494057146,1,2026-05-01 12:00:00+00:00,30193.93896246967,1.2705364779663706,0.0063526823898318536,11,0.014618674966321138,2026-04-30 01:00:00+00:00,2272.027021426454,0.014415751231327888,0.013415751231327887,405.07437381439155,partial_tp,32599.91016661362,True,True
2026-04-29 21:00:00+00:00,2239.739494057146,1,2026-05-01 12:00:00+00:00,30193.93896246967,1.2705364779663706,0.0063526823898318536,11,0.014618674966321138,2026-04-30 03:00:00+00:00,2244.095944939218,0.0019450703502041683,0.0009450703502041683,28.535396469304494,trail,32628.445563082925,True,True
2026-04-30 00:00:00+00:00,2254.785112179066,1,2026-04-30 12:00:00+00:00,52705.93379041047,1.63709279741687,0.00818546398708435,11,0.007848377858869288,2026-04-30 03:00:00+00:00,2244.095944939218,-0.004740658957747703,-0.005740658957747703,-302.5667909403772,trail,32325.878772142547,,
2026-05-01 03:00:00+00:00,2265.6002820505196,1,2026-05-01 12:00:00+00:00,51340.303946154905,1.5882106193629115,0.007941053096814558,12,0.00874121492938573,2026-05-01 12:00:00+00:00,2284.023850420686,0.008131870619954091,0.007131870619954091,366.15240533309526,expiry,32692.03117747564,,
2026-05-06 08:00:00+00:00,2370.094136532498,1,2026-05-08 12:00:00+00:00,35145.37178972258,2.150087989267382,0.01075043994633691,9,0.016880601053271157,2026-05-06 10:00:00+00:00,2409.6207295599784,0.016677224933060567,0.015677224933060566,550.9818989035223,partial_tp,33243.01307637916,True,
2026-05-06 08:00:00+00:00,2370.094136532498,1,2026-05-08 12:00:00+00:00,35145.37178972258,2.150087989267382,0.01075043994633691,9,0.017182110984452752,2026-05-06 13:00:00+00:00,2397.709165969254,0.011651448358569273,0.010651448358569272,374.34911266094736,trail,33617.362189040105,True,
2026-05-06 13:00:00+00:00,2397.709165969254,-1,2026-05-08 12:00:00+00:00,40615.98793057507,2.4163697140887903,-0.012081848570443952,8,0.013825228171847172,2026-05-06 14:00:00+00:00,2365.0332017179317,0.013627993217481621,0.01262799321748162,512.8984201086174,partial_tp,34130.260609148725,True,
2026-05-06 13:00:00+00:00,2397.709165969254,-1,2026-05-08 12:00:00+00:00,40615.98793057507,2.4163697140887903,-0.012081848570443952,8,0.02185362270910469,2026-05-06 22:00:00+00:00,2351.892169957116,0.01910865448671586,0.01810865448671586,735.5008920714055,trail,34865.76150122013,True,
2026-05-07 00:00:00+00:00,2349.5710460591463,-1,2026-05-08 12:00:00+00:00,29651.070721971122,1.7008703923437027,-0.008504351961718514,10,0.010316705315126828,2026-05-07 01:00:00+00:00,2325.796280202792,0.010118768656189816,0.009118768656189817,270.38125432197785,partial_tp,35136.1427555421,True,
2026-05-07 00:00:00+00:00,2349.5710460591463,-1,2026-05-08 12:00:00+00:00,29651.070721971122,1.7008703923437027,-0.008504351961718514,10,0.012836102981321377,2026-05-07 05:00:00+00:00,2328.028576532784,0.009168681901530387,0.008168681901530386,242.21016476756301,trail,35378.35292030967,True,
2026-05-13 08:00:00+00:00,2302.3955521230178,1,2026-05-15 12:00:00+00:00,47301.81267077743,1.33702698871611,0.00668513494358055,11,0.007859948899873263,2026-05-13 11:00:00+00:00,2306.183430238162,0.0016451899899005743,0.0006451899899005743,30.518656039337746,trail,35408.87157634901,,
2026-05-13 12:00:00+00:00,2300.853460845282,-1,2026-05-15 12:00:00+00:00,37950.67903208018,1.4290459741706443,-0.0071452298708532215,11,0.02036834586504484,2026-05-13 14:00:00+00:00,2254.4396795463535,0.020172419534217962,0.01917241953421796,727.60634001149,partial_tp,36136.4779163605,True,True
2026-05-13 12:00:00+00:00,2300.853460845282,-1,2026-05-15 12:00:00+00:00,37950.67903208018,1.4290459741706443,-0.0071452298708532215,11,0.02036834586504484,2026-05-13 15:00:00+00:00,2268.130862205348,0.01422193946585038,0.013221939465850381,501.78158085008147,trail,36638.25949721058,True,True
2026-05-13 15:00:00+00:00,2267.223791274652,-1,2026-05-15 12:00:00+00:00,49119.51257257996,2.6813234715104097,-0.01340661735755205,13,0.010816695859063979,2026-05-13 16:00:00+00:00,2243.148461064216,0.010618859198235775,0.009618859198235775,472.47367532161854,partial_tp,37110.7331725322,True,
2026-05-13 15:00:00+00:00,2267.223791274652,-1,2026-05-15 12:00:00+00:00,49119.51257257996,2.6813234715104097,-0.01340661735755205,13,0.010816695859063979,2026-05-13 17:00:00+00:00,2255.8087900537016,0.0050347924474330825,0.0040347924474330825,198.18703834943994,trail,37308.92021088164,True,
2026-05-14 14:00:00+00:00,2252.25807579285,1,2026-05-15 12:00:00+00:00,55963.38031632246,3.0,0.015738019241489022,14,0.0154405519069604,2026-05-14 15:00:00+00:00,2286.5767766832964,0.015237463796579122,0.014237463796579121,796.7766011878296,partial_tp,38105.696812069466,True,
2026-05-14 14:00:00+00:00,2252.25807579285,1,2026-05-15 12:00:00+00:00,55963.38031632246,3.0,0.015738019241489022,14,0.02730239786819421,2026-05-14 18:00:00+00:00,2304.155719741386,0.023042494333277805,0.022042494333277804,1233.5724934936084,trail,39339.26930556307,True,
2026-05-15 01:00:00+00:00,2291.40854771578,-1,2026-05-15 12:00:00+00:00,27126.132049363838,1.3790867257174935,-0.006895433628587468,12,0.013260297377379375,2026-05-15 05:00:00+00:00,2261.475993717792,0.013062949436854824,0.012062949436854823,327.2211593289231,partial_tp,39666.490464892,True,
2026-05-15 01:00:00+00:00,2291.40854771578,-1,2026-05-15 12:00:00+00:00,27126.132049363838,1.3790867257174935,-0.006895433628587468,12,0.020394505948040303,2026-05-15 07:00:00+00:00,2253.964842707976,0.016340911813884213,0.015340911813884212,416.13959962106884,trail,40082.63006451307,True,
2026-05-20 13:00:00+00:00,2133.760435965316,-1,2026-05-22 12:00:00+00:00,48712.66623135773,1.215306135175127,-0.006076530675875635,12,0.0060641257552711166,2026-05-20 15:00:00+00:00,2135.37629391081,-0.0007572818008330363,-0.0017572818008330365,-85.60188183841896,trail,39997.02818267465,,
2026-05-21 00:00:00+00:00,2128.53670311618,1,2026-05-22 12:00:00+00:00,57390.71171503941,1.4348743974908393,0.007174371987454197,12,0.008026331699523208,2026-05-21 06:00:00+00:00,2133.91566424345,0.002527069944058388,0.0015270699440583881,87.63963092815632,trail,40084.667813602806,,
2026-05-21 10:00:00+00:00,2127.61915514718,-1,2026-05-22 12:00:00+00:00,50549.526706861616,1.2610688690728664,-0.006305344345364333,12,0.0069344773154006506,2026-05-21 14:00:00+00:00,2121.0062273821923,0.0031081350950379503,0.0021081350950379503,106.56523128829312,trail,40191.2330448911,,
2026-05-21 17:00:00+00:00,2129.624564124876,1,2026-05-22 12:00:00+00:00,66655.83768042395,1.6584670991799018,0.008292335495899509,12,0.008192547625075498,2026-05-21 19:00:00+00:00,2126.17047514114,-0.0016219239024206317,-0.0026219239024206317,-174.76653405017336,trail,40016.46651084093,,
2026-05-21 19:00:00+00:00,2127.02111345886,1,2026-05-22 12:00:00+00:00,61523.70732670203,1.537459768219029,0.007687298841095145,12,0.007153525235298169,2026-05-21 22:00:00+00:00,2131.352049878888,0.0020361511188694203,0.0010361511188694203,63.747858183557064,trail,40080.21436902449,,
2026-05-26 15:00:00+00:00,2110.4370332189883,-1,2026-05-29 12:00:00+00:00,43054.60146076832,2.1484217157302705,-0.010742108578651353,6,0.011465796997544143,2026-05-26 16:00:00+00:00,2086.656438458124,0.011268090156943755,0.010268090156943754,442.0885294704513,partial_tp,40522.30289849494,True,
2026-05-26 15:00:00+00:00,2110.4370332189883,-1,2026-05-29 12:00:00+00:00,43054.60146076832,2.1484217157302705,-0.010742108578651353,6,0.020402514849406698,2026-05-26 20:00:00+00:00,2074.2712334524317,0.0171366400405673,0.0161366400405673,694.7566058625014,trail,41217.05950435744,True,
2026-05-27 17:00:00+00:00,2068.242364860784,-1,2026-05-29 12:00:00+00:00,63782.76873792203,1.5474846945638845,-0.007737423472819423,8,0.008786033010211292,2026-05-27 20:00:00+00:00,2057.966712610314,0.00496830179337409,0.00396830179337409,253.10927556906083,trail,41470.168779926506,,
2026-05-28 03:00:00+00:00,2015.46134954551,-1,2026-05-29 12:00:00+00:00,62205.25316988976,3.0,-0.016823505241702737,12,0.017274073890506943,2026-05-28 04:00:00+00:00,1981.042250494254,0.017077528705285117,0.016077528705285116,1000.1067434584305,partial_tp,42470.27552338494,True,
2026-05-28 03:00:00+00:00,2015.46134954551,-1,2026-05-29 12:00:00+00:00,62205.25316988976,3.0,-0.016823505241702737,12,0.01915031009858552,2026-05-28 07:00:00+00:00,1984.7160098792099,0.015254740396402702,0.0142547403964027,886.7197352292847,trail,43356.995258614224,True,
2026-05-28 14:00:00+00:00,1981.911147408888,1,2026-05-31 12:00:00+00:00,56673.36623800715,1.3071331604038499,0.006535665802019249,8,0.005891286436517078,2026-05-28 16:00:00+00:00,1988.140508646742,0.0031431082296490987,0.0021431082296490987,121.4571575865905,trail,43478.45241620082,,
2026-05-28 16:00:00+00:00,1988.935923933258,1,2026-05-31 12:00:00+00:00,55965.267365963664,2.5743909571680175,0.012871954785840087,8,0.012275027557680831,2026-05-28 17:00:00+00:00,2012.947497176558,0.012072572552169264,0.011072572552169264,619.6794833111835,partial_tp,44098.131899512,True,
2026-05-28 16:00:00+00:00,1988.935923933258,1,2026-05-31 12:00:00+00:00,55965.267365963664,2.5743909571680175,0.012871954785840087,8,0.016678469963547802,2026-05-28 20:00:00+00:00,2014.054036184486,0.012628919790213862,0.011628919790213861,650.8156052366649,trail,44748.94750474866,True,
2026-05-28 22:00:00+00:00,2020.468946495776,-1,2026-05-29 12:00:00+00:00,66734.54490384764,1.4913098212369333,-0.007456549106184667,12,0.00748921781847716,2026-05-29 00:00:00+00:00,2011.815626048676,0.004282827737643765,0.003282827737643765,219.07801506938438,trail,44968.025519818046,,
2026-05-29 15:00:00+00:00,1999.5652577849398,1,2026-05-31 12:00:00+00:00,67452.03827972707,3.0,0.01649497204312078,8,0.015515314753681784,2026-05-29 16:00:00+00:00,2030.183024301574,0.015312211690731058,0.014312211690731057,965.3878508307486,partial_tp,45933.41337064879,True,
2026-05-29 15:00:00+00:00,1999.5652577849398,1,2026-05-31 12:00:00+00:00,67452.03827972707,3.0,0.01649497204312078,8,0.01997271675409134,2026-05-29 18:00:00+00:00,2025.642418314432,0.013041415091588305,0.012041415091588306,812.2179916998977,trail,46745.63136234869,True,
2026-05-29 18:00:00+00:00,2025.642418314432,-1,2026-05-31 12:00:00+00:00,65198.95296327972,1.3947603457933884,-0.0069738017289669415,10,0.008192584640995555,2026-05-29 20:00:00+00:00,2017.347495191274,0.004094959232765449,0.003094959232765449,201.78810144034279,trail,46947.41946378903,,
